birthplace,category,countries,date,link,name,share
Netherlands,Chemistry,Netherlands,1901,http://en.wikipedia.org/wiki/Jacobus_Henricus_van_%27t_Hoff,Jacobus Henricus van 't Hoff,1
Germany,Chemistry,Germany,1902,http://en.wikipedia.org/wiki/Hermann_Emil_Fischer,Hermann Emil Fischer,1
Sweden,Chemistry,Sweden,1903,http://en.wikipedia.org/wiki/Svante_Arrhenius,Svante Arrhenius,1
UK_SCO,Chemistry,UK,1904,http://en.wikipedia.org/wiki/William_Ramsay,William Ramsay,1
Germany,Chemistry,Germany,1905,http://en.wikipedia.org/wiki/Adolf_von_Baeyer,Adolf von Baeyer,1
France,Chemistry,France,1906,http://en.wikipedia.org/wiki/Henri_Moissan,Henri Moissan,1
Germany,Chemistry,Germany,1907,http://en.wikipedia.org/wiki/Eduard_Buchner,Eduard Buchner,1
New Zealand,Chemistry,New Zealand|UK,1908,http://en.wikipedia.org/wiki/Ernest_Rutherford,Ernest Rutherford,1
Latvia,Chemistry,Latvia|Germany,1909,http://en.wikipedia.org/wiki/Wilhelm_Ostwald,Wilhelm Ostwald,1
Russia,Chemistry,Germany,1910,http://en.wikipedia.org/wiki/Otto_Wallach,Otto Wallach,1
Poland,Chemistry,Poland|France,1911,http://en.wikipedia.org/wiki/Marie_Curie,Marie Curie,1
France,Chemistry,France,1912,http://en.wikipedia.org/wiki/Victor_Grignard,Victor Grignard,1/2
France,Chemistry,France,1912,http://en.wikipedia.org/wiki/Paul_Sabatier_(chemist),Paul Sabatier,1/2
France,Chemistry,France|Switzerland,1913,http://en.wikipedia.org/wiki/Alfred_Werner,Alfred Werner,1
US_PA,Chemistry,US,1914,http://en.wikipedia.org/wiki/Theodore_William_Richards,Theodore William Richards,1
Germany,Chemistry,Germany,1915,http://en.wikipedia.org/wiki/Richard_Willst%C3%A4tter,Richard Willstätter,1
Poland,Chemistry,Germany,1918,http://en.wikipedia.org/wiki/Fritz_Haber,Fritz Haber,1
Poland,Chemistry,Germany,1920,http://en.wikipedia.org/wiki/Walther_Nernst,Walther Nernst,1
UK_ENG,Chemistry,UK,1921,http://en.wikipedia.org/wiki/Frederick_Soddy,Frederick Soddy,1
UK_ENG,Chemistry,UK,1922,http://en.wikipedia.org/wiki/Francis_William_Aston,Francis William Aston,1
Slovenia,Chemistry,Slovenia|Austria,1923,http://en.wikipedia.org/wiki/Fritz_Pregl,Fritz Pregl,1
Austria,Chemistry,Austria|Hungary,1925,http://en.wikipedia.org/wiki/Richard_Adolf_Zsigmondy,Richard Adolf Zsigmondy,1
Sweden,Chemistry,Sweden,1926,http://en.wikipedia.org/wiki/Theodor_Svedberg,Theodor Svedberg,1
Germany,Chemistry,Germany,1927,http://en.wikipedia.org/wiki/Heinrich_Otto_Wieland,Heinrich Otto Wieland,1
Germany,Chemistry,Germany,1928,http://en.wikipedia.org/wiki/Adolf_Otto_Reinhold_Windaus,Adolf Otto Reinhold Windaus,1
UK_ENG,Chemistry,UK,1929,http://en.wikipedia.org/wiki/Arthur_Harden,Arthur Harden,1/2
Germany,Chemistry,Germany|Sweden,1929,http://en.wikipedia.org/wiki/Hans_von_Euler-Chelpin,Hans von Euler-Chelpin,1/2
Germany,Chemistry,Germany,1930,http://en.wikipedia.org/wiki/Hans_Fischer,Hans Fischer,1
Germany,Chemistry,Germany,1931,http://en.wikipedia.org/wiki/Carl_Bosch,Carl Bosch,1/2
Poland,Chemistry,Germany,1931,http://en.wikipedia.org/wiki/Friedrich_Bergius,Friedrich Bergius,1/2
US_NY,Chemistry,US,1932,http://en.wikipedia.org/wiki/Irving_Langmuir,Irving Langmuir,1
US_IN,Chemistry,US,1934,http://en.wikipedia.org/wiki/Harold_Urey,Harold Urey,1
France,Chemistry,France,1935,http://en.wikipedia.org/wiki/Fr%C3%A9d%C3%A9ric_Joliot-Curie,Frédéric Joliot-Curie,1/2
France,Chemistry,France,1935,http://en.wikipedia.org/wiki/Ir%C3%A8ne_Joliot-Curie,Irène Joliot-Curie,1/2
Netherlands,Chemistry,Netherlands|US,1936,http://en.wikipedia.org/wiki/Peter_Debye,Peter Debye,1
UK_ENG,Chemistry,UK,1937,http://en.wikipedia.org/wiki/Norman_Haworth,Norman Haworth,1/2
Russia,Chemistry,Switzerland,1937,http://en.wikipedia.org/wiki/Paul_Karrer,Paul Karrer,1/2
Austria,Chemistry,Germany|Austria,1938,http://en.wikipedia.org/wiki/Richard_Kuhn,Richard Kuhn,1
Germany,Chemistry,Germany,1939,http://en.wikipedia.org/wiki/Adolf_Butenandt,Adolf Butenandt,1/2
Croatia,Chemistry,Croatia|Switzerland,1939,http://en.wikipedia.org/wiki/Leopold_Ru%C5%BEi%C4%8Dka,Leopold Ružička,1/2
Hungary,Chemistry,Hungary,1943,http://en.wikipedia.org/wiki/George_de_Hevesy,George de Hevesy,1
Germany,Chemistry,Germany,1944,http://en.wikipedia.org/wiki/Otto_Hahn,Otto Hahn,1
Finland,Chemistry,Finland,1945,http://en.wikipedia.org/wiki/Artturi_Ilmari_Virtanen,Artturi Ilmari Virtanen,1
US_MA,Chemistry,US,1946,http://en.wikipedia.org/wiki/James_B._Sumner,James B. Sumner,1/2
US_NY,Chemistry,US,1946,http://en.wikipedia.org/wiki/John_Howard_Northrop,John Howard Northrop,1/4
US_IN,Chemistry,US,1946,http://en.wikipedia.org/wiki/Wendell_Meredith_Stanley,Wendell Meredith Stanley,1/4
UK_ENG,Chemistry,UK,1947,http://en.wikipedia.org/wiki/Robert_Robinson_(organic_chemist),Robert Robinson,1
Sweden,Chemistry,Sweden,1948,http://en.wikipedia.org/wiki/Arne_Tiselius,Arne Tiselius,1
Canada,Chemistry,US,1949,http://en.wikipedia.org/wiki/William_Giauque,William Giauque,1
Germany,Chemistry,Germany,1950,http://en.wikipedia.org/wiki/Otto_Diels,Otto Diels,1/2
Poland,Chemistry,Germany,1950,http://en.wikipedia.org/wiki/Kurt_Alder,Kurt Alder,1/2
US_CA,Chemistry,US,1951,http://en.wikipedia.org/wiki/Edwin_McMillan,Edwin McMillan,1/2
US_MI,Chemistry,US,1951,http://en.wikipedia.org/wiki/Glenn_T._Seaborg,Glenn T. Seaborg,1/2
UK_ENG,Chemistry,UK,1952,http://en.wikipedia.org/wiki/Archer_John_Porter_Martin,Archer John Porter Martin,1/2
UK_ENG,Chemistry,UK,1952,http://en.wikipedia.org/wiki/Richard_Laurence_Millington_Synge,Richard Laurence Millington Synge,1/2
Germany,Chemistry,Germany,1953,http://en.wikipedia.org/wiki/Hermann_Staudinger,Hermann Staudinger,1
US_OR,Chemistry,US,1954,http://en.wikipedia.org/wiki/Linus_Pauling,Linus Pauling,1
US_IL,Chemistry,US,1955,http://en.wikipedia.org/wiki/Vincent_du_Vigneaud,Vincent du Vigneaud,1
UK_ENG,Chemistry,UK,1956,http://en.wikipedia.org/wiki/Cyril_Norman_Hinshelwood,Cyril Norman Hinshelwood,1/2
Russia,Chemistry,Russia,1956,http://en.wikipedia.org/wiki/Nikolay_Semyonov,Nikolay Semyonov,1/2
UK_SCO,Chemistry,UK,1957,"http://en.wikipedia.org/wiki/Alexander_R._Todd,_Baron_Todd",The Lord Todd,1
UK_ENG,Chemistry,UK,1958,http://en.wikipedia.org/wiki/Frederick_Sanger,Frederick Sanger,1
Czech Republic,Chemistry,Czech Republic,1959,http://en.wikipedia.org/wiki/Jaroslav_Heyrovsk%C3%BD,Jaroslav Heyrovský,1
US_CO,Chemistry,US,1960,http://en.wikipedia.org/wiki/Willard_Libby,Willard Libby,1
US_MN,Chemistry,US,1961,http://en.wikipedia.org/wiki/Melvin_Calvin,Melvin Calvin,1
Austria,Chemistry,Austria|UK,1962,http://en.wikipedia.org/wiki/Max_Perutz,Max Perutz,1/2
UK_ENG,Chemistry,UK,1962,http://en.wikipedia.org/wiki/John_Kendrew,John Kendrew,1/2
Germany,Chemistry,Germany,1963,http://en.wikipedia.org/wiki/Karl_Ziegler,Karl Ziegler,1/2
Italy,Chemistry,Italy,1963,http://en.wikipedia.org/wiki/Giulio_Natta,Giulio Natta,1/2
Egypt,Chemistry,UK,1964,http://en.wikipedia.org/wiki/Dorothy_Hodgkin,Dorothy Hodgkin,1
US_MA,Chemistry,US,1965,http://en.wikipedia.org/wiki/Robert_Burns_Woodward,Robert Burns Woodward,1
US_MA,Chemistry,US,1966,http://en.wikipedia.org/wiki/Robert_S._Mulliken,Robert S. Mulliken,1
Germany,Chemistry,Germany,1967,http://en.wikipedia.org/wiki/Manfred_Eigen,Manfred Eigen,1/2
UK_ENG,Chemistry,UK,1967,http://en.wikipedia.org/wiki/Ronald_George_Wreyford_Norrish,Ronald George Wreyford Norrish,1/4
UK_ENG,Chemistry,UK,1967,http://en.wikipedia.org/wiki/George_Porter,George Porter,1/4
Norway,Chemistry,Norway|US,1968,http://en.wikipedia.org/wiki/Lars_Onsager,Lars Onsager,1
UK_ENG,Chemistry,UK,1969,http://en.wikipedia.org/wiki/Derek_Barton,Derek Barton,1/2
Norway,Chemistry,Norway,1969,http://en.wikipedia.org/wiki/Odd_Hassel,Odd Hassel,1/2
France,Chemistry,Argentina,1970,http://en.wikipedia.org/wiki/Luis_Federico_Leloir,Luis Federico Leloir,1
Germany,Chemistry,Germany|Canada,1971,http://en.wikipedia.org/wiki/Gerhard_Herzberg,Gerhard Herzberg,1
US_PA,Chemistry,US,1972,http://en.wikipedia.org/wiki/Christian_B._Anfinsen,Christian B. Anfinsen,1/2
US_IL,Chemistry,US,1972,http://en.wikipedia.org/wiki/Stanford_Moore,Stanford Moore,1/4
US_NY,Chemistry,US,1972,http://en.wikipedia.org/wiki/William_Howard_Stein,William Howard Stein,1/4
Germany,Chemistry,Germany,1973,http://en.wikipedia.org/wiki/Ernst_Otto_Fischer,Ernst Otto Fischer,1/2
UK_ENG,Chemistry,UK,1973,http://en.wikipedia.org/wiki/Geoffrey_Wilkinson,Geoffrey Wilkinson,1/2
US_IL,Chemistry,US,1974,http://en.wikipedia.org/wiki/Paul_Flory,Paul Flory,1
Australia,Chemistry,Australia|UK,1975,http://en.wikipedia.org/wiki/John_Cornforth,John Cornforth,1/2
Bosnia,Chemistry,Croatia|Switzerland,1975,http://en.wikipedia.org/wiki/Vladimir_Prelog,Vladimir Prelog,1/2
US_OH,Chemistry,US,1976,http://en.wikipedia.org/wiki/William_Lipscomb,William Lipscomb,1
Russia,Chemistry,Belgium|Russia,1977,http://en.wikipedia.org/wiki/Ilya_Prigogine,Ilya Prigogine,1
UK_ENG,Chemistry,UK,1978,http://en.wikipedia.org/wiki/Peter_D._Mitchell,Peter D. Mitchell,1
UK_ENG,Chemistry,US,1979,http://en.wikipedia.org/wiki/Herbert_C._Brown,Herbert C. Brown,1/2
Germany,Chemistry,Germany,1979,http://en.wikipedia.org/wiki/Georg_Wittig,Georg Wittig,1/2
US_NY,Chemistry,US,1980,http://en.wikipedia.org/wiki/Paul_Berg,Paul Berg,1/2
US_MA,Chemistry,US,1980,http://en.wikipedia.org/wiki/Walter_Gilbert,Walter Gilbert,1/4
UK_ENG,Chemistry,UK,1980,http://en.wikipedia.org/wiki/Frederick_Sanger,Frederick Sanger,1/4
Japan,Chemistry,Japan,1981,http://en.wikipedia.org/wiki/Kenichi_Fukui,Kenichi Fukui,1/2
Ukraine,Chemistry,Poland|US,1981,http://en.wikipedia.org/wiki/Roald_Hoffmann,Roald Hoffmann,1/2
Lithuania,Chemistry,Lithuania|South Africa|UK,1982,http://en.wikipedia.org/wiki/Aaron_Klug,Aaron Klug,1
Canada,Chemistry,Canada|US,1983,http://en.wikipedia.org/wiki/Henry_Taube,Henry Taube,1
US_TX,Chemistry,US,1984,http://en.wikipedia.org/wiki/Robert_Bruce_Merrifield,Robert Bruce Merrifield,1
US_NY,Chemistry,US,1985,http://en.wikipedia.org/wiki/Herbert_A._Hauptman,Herbert A. Hauptman,1/2
US_NY,Chemistry,US,1985,http://en.wikipedia.org/wiki/Jerome_Karle,Jerome Karle,1/2
US_CA,Chemistry,US,1986,http://en.wikipedia.org/wiki/Dudley_R._Herschbach,Dudley R. Herschbach,1/3
Taiwan,Chemistry,Taiwan|US,1986,http://en.wikipedia.org/wiki/Yuan_T._Lee,Yuan T. Lee,1/3
Germany,Chemistry,Hungary|Canada,1986,http://en.wikipedia.org/wiki/John_Polanyi,John Polanyi,1/3
US_VT,Chemistry,US,1987,http://en.wikipedia.org/wiki/Donald_J._Cram,Donald J. Cram,1/3
France,Chemistry,France,1987,http://en.wikipedia.org/wiki/Jean-Marie_Lehn,Jean-Marie Lehn,1/3
South Korea,Chemistry,Norway|US,1987,http://en.wikipedia.org/wiki/Charles_J._Pedersen,Charles J. Pedersen,1/3
Germany,Chemistry,Germany|US,1988,http://en.wikipedia.org/wiki/Johann_Deisenhofer,Johann Deisenhofer,1/3
Germany,Chemistry,Germany,1988,http://en.wikipedia.org/wiki/Robert_Huber,Robert Huber,1/3
Germany,Chemistry,Germany,1988,http://en.wikipedia.org/wiki/Hartmut_Michel,Hartmut Michel,1/3
Canada,Chemistry,Canada|US,1989,http://en.wikipedia.org/wiki/Sidney_Altman,Sidney Altman,1/2
US_IL,Chemistry,US,1989,http://en.wikipedia.org/wiki/Thomas_Cech,Thomas Cech,1/2
US_MA,Chemistry,US,1990,http://en.wikipedia.org/wiki/Elias_James_Corey,Elias James Corey,1
Switzerland,Chemistry,Switzerland,1991,http://en.wikipedia.org/wiki/Richard_R._Ernst,Richard R. Ernst,1
Canada,Chemistry,Canada|US,1992,http://en.wikipedia.org/wiki/Rudolph_A._Marcus,Rudolph A. Marcus,1
US_NC,Chemistry,US,1993,http://en.wikipedia.org/wiki/Kary_Mullis,Kary Mullis,1/2
UK_ENG,Chemistry,UK|Canada,1993,http://en.wikipedia.org/wiki/Michael_Smith_(chemist),Michael Smith,1/2
Hungary,Chemistry,Hungary|US,1994,http://en.wikipedia.org/wiki/George_Andrew_Olah,George Andrew Olah,1
Netherlands,Chemistry,Netherlands,1995,http://en.wikipedia.org/wiki/Paul_J._Crutzen,Paul J. Crutzen,1/3
Mexico,Chemistry,Mexico|US,1995,http://en.wikipedia.org/wiki/Mario_J._Molina,Mario J. Molina,1/3
US_OH,Chemistry,US,1995,http://en.wikipedia.org/wiki/Frank_Sherwood_Rowland,Frank Sherwood Rowland,1/3
US_TX,Chemistry,US,1996,http://en.wikipedia.org/wiki/Robert_Curl,Robert F. Curl Jr.,1/3
UK_ENG,Chemistry,UK,1996,http://en.wikipedia.org/wiki/Harry_Kroto,Harry Kroto,1/3
US_OH,Chemistry,US,1996,http://en.wikipedia.org/wiki/Richard_Smalley,Richard Smalley,1/3
US_UT,Chemistry,US,1997,http://en.wikipedia.org/wiki/Paul_D._Boyer,Paul D. Boyer,1/4
UK_ENG,Chemistry,UK,1997,http://en.wikipedia.org/wiki/John_E._Walker,John E. Walker,1/4
Denmark,Chemistry,Denmark,1997,http://en.wikipedia.org/wiki/Jens_Christian_Skou,Jens Christian Skou,1/2
Austria,Chemistry,Austria|US,1998,http://en.wikipedia.org/wiki/Walter_Kohn,Walter Kohn,1/2
UK_ENG,Chemistry,UK,1998,http://en.wikipedia.org/wiki/John_Pople,John Pople,1/2
Egypt,Chemistry,Egypt|US,1999,http://en.wikipedia.org/wiki/Ahmed_Zewail,Ahmed Zewail,1
US_IA,Chemistry,US,2000,http://en.wikipedia.org/wiki/Alan_J._Heeger,Alan J. Heeger,1/3
New Zealand,Chemistry,New Zealand|US,2000,http://en.wikipedia.org/wiki/Alan_MacDiarmid,Alan MacDiarmid,1/3
Japan,Chemistry,Japan,2000,http://en.wikipedia.org/wiki/Hideki_Shirakawa,Hideki Shirakawa,1/3
US_MA,Chemistry,US,2001,http://en.wikipedia.org/wiki/William_Standish_Knowles,William Standish Knowles,1/4
Japan,Chemistry,Japan,2001,http://en.wikipedia.org/wiki/Ry%C5%8Dji_Noyori,Ryōji Noyori,1/4
US_PA,Chemistry,US,2001,http://en.wikipedia.org/wiki/Karl_Barry_Sharpless,Karl Barry Sharpless,1/2
US_NY,Chemistry,US,2002,http://en.wikipedia.org/wiki/John_Fenn_(chemist),John Fenn,1/4
Japan,Chemistry,Japan,2002,http://en.wikipedia.org/wiki/Koichi_Tanaka,Koichi Tanaka,1/4
Switzerland,Chemistry,Switzerland,2002,http://en.wikipedia.org/wiki/Kurt_W%C3%BCthrich,Kurt Wüthrich,1/2
US_MN,Chemistry,US,2003,http://en.wikipedia.org/wiki/Peter_Agre,Peter Agre,1/2
US_MA,Chemistry,US,2003,http://en.wikipedia.org/wiki/Roderick_MacKinnon,Roderick MacKinnon,1/2
Israel,Chemistry,Israel,2004,http://en.wikipedia.org/wiki/Aaron_Ciechanover,Aaron Ciechanover,1/3
Hungary,Chemistry,Hungary|Israel,2004,http://en.wikipedia.org/wiki/Avram_Hershko,Avram Hershko,1/3
US_NY,Chemistry,US,2004,http://en.wikipedia.org/wiki/Irwin_Rose,Irwin Rose,1/3
Belgium,Chemistry,France,2005,http://en.wikipedia.org/wiki/Yves_Chauvin,Yves Chauvin,1/3
US_KY,Chemistry,US,2005,http://en.wikipedia.org/wiki/Robert_H._Grubbs,Robert H. Grubbs,1/3
US_IN,Chemistry,US,2005,http://en.wikipedia.org/wiki/Richard_R._Schrock,Richard R. Schrock,1/3
US_MO,Chemistry,US,2006,http://en.wikipedia.org/wiki/Roger_D._Kornberg,Roger D. Kornberg,1
Germany,Chemistry,Germany,2007,http://en.wikipedia.org/wiki/Gerhard_Ertl,Gerhard Ertl,1
Japan,Chemistry,Japan,2008,http://en.wikipedia.org/wiki/Osamu_Shimomura,Osamu Shimomura,1/3
US_IL,Chemistry,US,2008,http://en.wikipedia.org/wiki/Martin_Chalfie,Martin Chalfie,1/3
US_NY,Chemistry,US,2008,http://en.wikipedia.org/wiki/Roger_Y._Tsien,Roger Y. Tsien,1/3
India,Chemistry,India|US|UK,2009,http://en.wikipedia.org/wiki/Venkatraman_Ramakrishnan,Venkatraman Ramakrishnan,1/3
US_WI,Chemistry,US,2009,http://en.wikipedia.org/wiki/Thomas_A._Steitz,Thomas A. Steitz,1/3
Israel,Chemistry,Israel,2009,http://en.wikipedia.org/wiki/Ada_Yonath,Ada Yonath,1/3
US_MA,Chemistry,US,2010,http://en.wikipedia.org/wiki/Richard_F._Heck,Richard F. Heck,1/3
China,Chemistry,Japan,2010,http://en.wikipedia.org/wiki/Ei-ichi_Negishi,Ei-ichi Negishi,1/3
Japan,Chemistry,Japan,2010,http://en.wikipedia.org/wiki/Akira_Suzuki_(chemist),Akira Suzuki,1/3
Israel,Chemistry,Israel,2011,http://en.wikipedia.org/wiki/Dan_Shechtman,Dan Shechtman,1
US_MN,Chemistry,US,2012,http://en.wikipedia.org/wiki/Brian_Kobilka,Brian K. Kobilka,1/2
US_NY,Chemistry,US,2012,http://en.wikipedia.org/wiki/Robert_Lefkowitz,Robert J. Lefkowitz,1/2
Austria,Chemistry,US|Austria,2013,http://en.wikipedia.org/wiki/Martin_Karplus,Martin Karplus,1/3
South Africa,Chemistry,South Africa|US|Israel|UK,2013,http://en.wikipedia.org/wiki/Michael_Levitt,Michael Levitt,1/3
Israel,Chemistry,Israel|US,2013,http://en.wikipedia.org/wiki/Arieh_Warshel,Arieh Warshel,1/3
US_MI,Chemistry,US,2014,http://en.wikipedia.org/wiki/Eric_Betzig,Eric Betzig,1/3
Germany,Chemistry,Romania|Germany,2014,http://en.wikipedia.org/wiki/Stefan_Hell,Stefan Hell,1/3
US_CA,Chemistry,US,2014,http://en.wikipedia.org/wiki/William_Moerner,William Moerner,1/3
Sweden,Chemistry,Sweden|UK,2015,http://en.wikipedia.org/wiki/Tomas_Lindahl,Tomas Lindahl,1/3
US_NM,Chemistry,US,2015,http://en.wikipedia.org/wiki/Paul_Modrich,Paul L. Modrich,1/3
Turkey,Chemistry,Turkey|US,2015,http://en.wikipedia.org/wiki/Aziz_Sancar,Aziz Sancar,1/3
France,Chemistry,France,2016,http//en.wikipedia.org/wiki/Jean-Pierre_Sauvage,Jean-Pierre Sauvage,1/3
UK_SCO,Chemistry,UK,2016,http://en.wikipedia.org/wiki/Fraser_Stoddart,Fraser Stoddart,1/3
Netherlands,Chemistry,Netherlands,2016,http://en.wikipedia.org/wiki/Ben_Feringa,Ben Feringa,1/3
Switzerland,Chemistry,Switzerland,2017,https://en.wikipedia.org/wiki/Jacques_Dubochet,Jacques Dubochet,1/3
Germany,Chemistry,Germany|US,2017,https://en.wikipedia.org/wiki/Joachim_Frank,Joachim Frank,1/3
UK_SCO,Chemistry,UK,2017,https://en.wikipedia.org/wiki/Richard_Henderson_(biologist),Richard Henderson,1/3
Norway,Economics,Norway,1969,http://en.wikipedia.org/wiki/Ragnar_Frisch,Ragnar Frisch,1/2
Netherlands,Economics,Netherlands,1969,http://en.wikipedia.org/wiki/Jan_Tinbergen,Jan Tinbergen,1/2
US_IN,Economics,US,1970,http://en.wikipedia.org/wiki/Paul_Samuelson,Paul Samuelson,1
Belarus,Economics,Belarus|US,1971,http://en.wikipedia.org/wiki/Simon_Kuznets,Simon Kuznets,1
UK_ENG,Economics,UK,1972,http://en.wikipedia.org/wiki/John_Hicks,John Hicks,1/2
US_NY,Economics,US,1972,http://en.wikipedia.org/wiki/Kenneth_Arrow,Kenneth Arrow,1/2
Germany,Economics,Russia|US,1973,http://en.wikipedia.org/wiki/Wassily_Leontief,Wassily Leontief,1
Sweden,Economics,Sweden,1974,http://en.wikipedia.org/wiki/Gunnar_Myrdal,Gunnar Myrdal,1/2
Austria,Economics,Austria|UK,1974,http://en.wikipedia.org/wiki/Friedrich_Hayek,Friedrich Hayek,1/2
Russia,Economics,Russia,1975,http://en.wikipedia.org/wiki/Leonid_Kantorovich,Leonid Kantorovich,1/2
Netherlands,Economics,Netherlands|US,1975,http://en.wikipedia.org/wiki/Tjalling_Koopmans,Tjalling Koopmans,1/2
US_NY,Economics,US,1976,http://en.wikipedia.org/wiki/Milton_Friedman,Milton Friedman,1
Sweden,Economics,Sweden,1977,http://en.wikipedia.org/wiki/Bertil_Ohlin,Bertil Ohlin,1/2
UK_ENG,Economics,UK,1977,http://en.wikipedia.org/wiki/James_Meade,James Meade,1/2
US_WI,Economics,US,1978,http://en.wikipedia.org/wiki/Herbert_A._Simon,Herbert A. Simon,1
US_SD,Economics,US,1979,http://en.wikipedia.org/wiki/Theodore_Schultz,Theodore Schultz,1/2
Saint Lucia,Economics,Saint Lucia|UK,1979,http://en.wikipedia.org/wiki/Arthur_Lewis_(economist),Arthur Lewis,1/2
US_NE,Economics,US,1980,http://en.wikipedia.org/wiki/Lawrence_Klein,Lawrence Klein,1
US_IL,Economics,US,1981,http://en.wikipedia.org/wiki/James_Tobin,James Tobin,1
US_WA,Economics,US,1982,http://en.wikipedia.org/wiki/George_Stigler,George Stigler,1
France,Economics,France,1983,http://en.wikipedia.org/wiki/G%C3%A9rard_Debreu,Gérard Debreu,1
UK_ENG,Economics,UK,1984,http://en.wikipedia.org/wiki/Richard_Stone,Richard Stone,1
Italy,Economics,Italy|US,1985,http://en.wikipedia.org/wiki/Franco_Modigliani,Franco Modigliani,1
US_TN,Economics,US,1986,http://en.wikipedia.org/wiki/James_M._Buchanan,James M. Buchanan,1
US_NY,Economics,US,1987,http://en.wikipedia.org/wiki/Robert_Solow,Robert Solow,1
France,Economics,France,1988,http://en.wikipedia.org/wiki/Maurice_Allais,Maurice Allais,1
Norway,Economics,Norway,1989,http://en.wikipedia.org/wiki/Trygve_Haavelmo,Trygve Haavelmo,1
US_IL,Economics,US,1990,http://en.wikipedia.org/wiki/Harry_Markowitz,Harry Markowitz,1/3
US_MA,Economics,US,1990,http://en.wikipedia.org/wiki/Merton_Miller,Merton Miller,1/3
US_MA,Economics,US,1990,http://en.wikipedia.org/wiki/William_F._Sharpe,William F. Sharpe,1/3
UK_ENG,Economics,UK|US,1991,http://en.wikipedia.org/wiki/Ronald_Coase,Ronald Coase,1
US_PA,Economics,US,1992,http://en.wikipedia.org/wiki/Gary_Becker,Gary Becker,1
US_NY,Economics,US,1993,http://en.wikipedia.org/wiki/Robert_Fogel,Robert Fogel,1/2
US_CA,Economics,US,1993,http://en.wikipedia.org/wiki/Douglass_North,Douglass North,1/2
Hungary,Economics,Hungary|Australia|US,1994,http://en.wikipedia.org/wiki/John_Harsanyi,John Harsanyi,1/3
US_WV,Economics,US,1994,"http://en.wikipedia.org/wiki/John_Forbes_Nash,_Jr.","John Forbes Nash, Jr.",1/3
Poland,Economics,Germany,1994,http://en.wikipedia.org/wiki/Reinhard_Selten,Reinhard Selten,1/3
US_WA,Economics,US,1995,"http://en.wikipedia.org/wiki/Robert_Lucas,_Jr.","Robert Lucas, Jr.",1
UK_SCO,Economics,UK,1996,http://en.wikipedia.org/wiki/James_Mirrlees,James Mirrlees,1/2
Canada,Economics,Canada|US,1996,http://en.wikipedia.org/wiki/William_Vickrey,William Vickrey,1/2
US_NY,Economics,US,1997,http://en.wikipedia.org/wiki/Robert_C._Merton,Robert C. Merton,1/2
Canada,Economics,Canada|US,1997,http://en.wikipedia.org/wiki/Myron_Scholes,Myron Scholes,1/2
India,Economics,India,1998,http://en.wikipedia.org/wiki/Amartya_Sen,Amartya Sen,1
Canada,Economics,Canada,1999,http://en.wikipedia.org/wiki/Robert_Mundell,Robert Mundell,1
US_IL,Economics,US,2000,http://en.wikipedia.org/wiki/James_Heckman,James Heckman,1/2
US_NC,Economics,US,2000,http://en.wikipedia.org/wiki/Daniel_McFadden,Daniel McFadden,1/2
US_CT,Economics,US,2001,http://en.wikipedia.org/wiki/George_Akerlof,George Akerlof,1/3
US_NJ,Economics,US,2001,http://en.wikipedia.org/wiki/Michael_Spence,Michael Spence,1/3
US_IN,Economics,US,2001,http://en.wikipedia.org/wiki/Joseph_Stiglitz,Joseph Stiglitz,1/3
Israel,Economics,Israel|US,2002,http://en.wikipedia.org/wiki/Daniel_Kahneman,Daniel Kahneman,1/2
US_KS,Economics,US,2002,http://en.wikipedia.org/wiki/Vernon_L._Smith,Vernon L. Smith,1/2
US_NY,Economics,US,2003,http://en.wikipedia.org/wiki/Robert_F._Engle,Robert F. Engle,1/2
UK_WAL,Economics,UK,2003,http://en.wikipedia.org/wiki/Clive_Granger,Clive Granger,1/2
Norway,Economics,Norway,2004,http://en.wikipedia.org/wiki/Finn_E._Kydland,Finn E. Kydland,1/2
US_NY,Economics,US,2004,http://en.wikipedia.org/wiki/Edward_C._Prescott,Edward C. Prescott,1/2
Germany,Economics,Germany|Israel|US,2005,http://en.wikipedia.org/wiki/Robert_Aumann,Robert Aumann,1/2
US_CA,Economics,US,2005,http://en.wikipedia.org/wiki/Thomas_Schelling,Thomas Schelling,1/2
US_IL,Economics,US,2006,http://en.wikipedia.org/wiki/Edmund_Phelps,Edmund Phelps,1
Russia,Economics,Poland|US,2007,http://en.wikipedia.org/wiki/Leonid_Hurwicz,Leonid Hurwicz,1/3
US_NY,Economics,US,2007,http://en.wikipedia.org/wiki/Eric_Maskin,Eric Maskin,1/3
US_MA,Economics,US,2007,http://en.wikipedia.org/wiki/Roger_Myerson,Roger Myerson,1/3
US_NY,Economics,US,2008,http://en.wikipedia.org/wiki/Paul_Krugman,Paul Krugman,1
US_CA,Economics,US,2009,http://en.wikipedia.org/wiki/Elinor_Ostrom,Elinor Ostrom,1/2
US_WI,Economics,US,2009,http://en.wikipedia.org/wiki/Oliver_E._Williamson,Oliver E. Williamson,1/2
US_NY,Economics,US,2010,http://en.wikipedia.org/wiki/Peter_Diamond,Peter A. Diamond,1/3
US_OR,Economics,US,2010,http://en.wikipedia.org/wiki/Dale_T._Mortensen,Dale T. Mortensen,1/3
Cyprus,Economics,Cyprus|UK,2010,http://en.wikipedia.org/wiki/Christopher_A._Pissarides,Christopher A. Pissarides,1/3
US_CA,Economics,US,2011,http://en.wikipedia.org/wiki/Thomas_J._Sargent,Thomas J. Sargent,1/2
US_DC,Economics,US,2011,http://en.wikipedia.org/wiki/Christopher_A._Sims,Christopher A. Sims,1/2
US_NY,Economics,US,2012,http://en.wikipedia.org/wiki/Alvin_E._Roth,Alvin E. Roth,1/2
US_CA,Economics,US,2012,http://en.wikipedia.org/wiki/Lloyd_Shapley,Lloyd S. Shapley,1/2
US_MA,Economics,US,2013,http://en.wikipedia.org/wiki/Eugene_Fama,Eugene F. Fama,1/3
US_IL,Economics,US,2013,http://en.wikipedia.org/wiki/Lars_Peter_Hansen,Lars Peter Hansen,1/3
US_MI,Economics,US,2013,http://en.wikipedia.org/wiki/Robert_Shiller,Robert J. Shiller,1/3
France,Economics,France,2014,http://en.wikipedia.org/wiki/Jean_Tirole,Jean Tirole,1
UK_SCO,Economics,UK|US,2015,http://en.wikipedia.org/wiki/Angus_Deaton,Angus Deaton,1
UK_ENG,Economics,UK|US,2016,http://en.wikipedia.org/wiki/Oliver_Hart_(economist),Oliver Hart,1/2
Finland,Economics,Finland,2016,http://en.wikipedia.org/wiki/Bengt_R._Holmstr%C3%B6m,Bengt Holmström,1/2
France,Literature,France,1901,http://en.wikipedia.org/wiki/Sully_Prudhomme,Sully Prudhomme,1
Germany,Literature,Germany,1902,http://en.wikipedia.org/wiki/Theodor_Mommsen,Theodor Mommsen,1
Norway,Literature,Norway,1903,http://en.wikipedia.org/wiki/Bj%C3%B8rnstjerne_Bj%C3%B8rnson,Bjørnstjerne Bjørnson,1
France,Literature,France,1904,http://en.wikipedia.org/wiki/Fr%C3%A9d%C3%A9ric_Mistral,Frédéric Mistral,1/2
Spain,Literature,Spain,1904,http://en.wikipedia.org/wiki/Jos%C3%A9_Echegaray,José Echegaray,1/2
Poland,Literature,Poland,1905,http://en.wikipedia.org/wiki/Henryk_Sienkiewicz,Henryk Sienkiewicz,1
Italy,Literature,Italy,1906,http://en.wikipedia.org/wiki/Giosu%C3%A8_Carducci,Giosuè Carducci,1
India,Literature,UK,1907,http://en.wikipedia.org/wiki/Rudyard_Kipling,Rudyard Kipling,1
Germany,Literature,Germany,1908,http://en.wikipedia.org/wiki/Rudolf_Christoph_Eucken,Rudolf Christoph Eucken,1
Sweden,Literature,Sweden,1909,http://en.wikipedia.org/wiki/Selma_Lagerl%C3%B6f,Selma Lagerlöf,1
Germany,Literature,Germany,1910,http://en.wikipedia.org/wiki/Paul_Heyse,Paul Heyse,1
Belgium,Literature,Belgium,1911,http://en.wikipedia.org/wiki/Maurice_Maeterlinck,Maurice Maeterlinck,1
Poland,Literature,Germany,1912,http://en.wikipedia.org/wiki/Gerhart_Hauptmann,Gerhart Hauptmann,1
India,Literature,India,1913,http://en.wikipedia.org/wiki/Rabindranath_Tagore,Rabindranath Tagore,1
France,Literature,France,1915,http://en.wikipedia.org/wiki/Romain_Rolland,Romain Rolland,1
Sweden,Literature,Sweden,1916,http://en.wikipedia.org/wiki/Verner_von_Heidenstam,Verner von Heidenstam,1
Denmark,Literature,Denmark,1917,http://en.wikipedia.org/wiki/Karl_Adolph_Gjellerup,Karl Adolph Gjellerup,1/2
Denmark,Literature,Denmark,1917,http://en.wikipedia.org/wiki/Henrik_Pontoppidan,Henrik Pontoppidan,1/2
Switzerland,Literature,Switzerland,1919,http://en.wikipedia.org/wiki/Carl_Spitteler,Carl Spitteler,1
Norway,Literature,Norway,1920,http://en.wikipedia.org/wiki/Knut_Hamsun,Knut Hamsun,1
France,Literature,France,1921,http://en.wikipedia.org/wiki/Anatole_France,Anatole France,1
Spain,Literature,Spain,1922,http://en.wikipedia.org/wiki/Jacinto_Benavente,Jacinto Benavente,1
Ireland,Literature,Ireland,1923,http://en.wikipedia.org/wiki/W._B._Yeats,W. B. Yeats,1
Poland,Literature,Poland,1924,http://en.wikipedia.org/wiki/W%C5%82adys%C5%82aw_Reymont,Władysław Reymont,1
Ireland,Literature,UK|Ireland,1925,http://en.wikipedia.org/wiki/George_Bernard_Shaw,George Bernard Shaw,1
Italy,Literature,Italy,1926,http://en.wikipedia.org/wiki/Grazia_Deledda,Grazia Deledda,1
France,Literature,France,1927,http://en.wikipedia.org/wiki/Henri_Bergson,Henri Bergson,1
Denmark,Literature,Norway,1928,http://en.wikipedia.org/wiki/Sigrid_Undset,Sigrid Undset,1
Germany,Literature,Germany,1929,http://en.wikipedia.org/wiki/Thomas_Mann,Thomas Mann,1
US_MN,Literature,US,1930,http://en.wikipedia.org/wiki/Sinclair_Lewis,Sinclair Lewis,1
Sweden,Literature,Sweden,1931,http://en.wikipedia.org/wiki/Erik_Axel_Karlfeldt,Erik Axel Karlfeldt,1
UK_ENG,Literature,UK,1932,http://en.wikipedia.org/wiki/John_Galsworthy,John Galsworthy,1
Russia,Literature,Russia,1933,http://en.wikipedia.org/wiki/Ivan_Bunin,Ivan Bunin,1
Italy,Literature,Italy,1934,http://en.wikipedia.org/wiki/Luigi_Pirandello,Luigi Pirandello,1
US_NY,Literature,US,1936,http://en.wikipedia.org/wiki/Eugene_O%27Neill,Eugene O'Neill,1
France,Literature,France,1937,http://en.wikipedia.org/wiki/Roger_Martin_du_Gard,Roger Martin du Gard,1
US_WV,Literature,US,1938,http://en.wikipedia.org/wiki/Pearl_S._Buck,Pearl S. Buck,1
Finland,Literature,Finland,1939,http://en.wikipedia.org/wiki/Frans_Eemil_Sillanp%C3%A4%C3%A4,Frans Eemil Sillanpää,1
Denmark,Literature,Denmark,1944,http://en.wikipedia.org/wiki/Johannes_Vilhelm_Jensen,Johannes Vilhelm Jensen,1
Chile,Literature,Chile,1945,http://en.wikipedia.org/wiki/Gabriela_Mistral,Gabriela Mistral,1
Germany,Literature,Germany|Switzerland,1946,http://en.wikipedia.org/wiki/Hermann_Hesse,Hermann Hesse,1
France,Literature,France,1947,http://en.wikipedia.org/wiki/Andr%C3%A9_Gide,André Gide,1
US_MO,Literature,US|UK,1948,http://en.wikipedia.org/wiki/T._S._Eliot,T. S. Eliot,1
US_MS,Literature,US,1949,http://en.wikipedia.org/wiki/William_Faulkner,William Faulkner,1
UK_WAL,Literature,UK,1950,http://en.wikipedia.org/wiki/Bertrand_Russell,Bertrand Russell,1
Sweden,Literature,Sweden,1951,http://en.wikipedia.org/wiki/P%C3%A4r_Lagerkvist,Pär Lagerkvist,1
France,Literature,France,1952,http://en.wikipedia.org/wiki/Fran%C3%A7ois_Mauriac,François Mauriac,1
UK_ENG,Literature,UK,1953,http://en.wikipedia.org/wiki/Winston_Churchill,Winston Churchill,1
US_IL,Literature,US,1954,http://en.wikipedia.org/wiki/Ernest_Hemingway,Ernest Hemingway,1
Iceland,Literature,Iceland,1955,http://en.wikipedia.org/wiki/Halld%C3%B3r_Laxness,Halldór Laxness,1
Spain,Literature,Spain,1956,http://en.wikipedia.org/wiki/Juan_Ram%C3%B3n_Jim%C3%A9nez,Juan Ramón Jiménez,1
Algeria,Literature,Algeria|France,1957,http://en.wikipedia.org/wiki/Albert_Camus,Albert Camus,1
Russia,Literature,Russia,1958,http://en.wikipedia.org/wiki/Boris_Pasternak,Boris Pasternak,1
Italy,Literature,Italy,1959,http://en.wikipedia.org/wiki/Salvatore_Quasimodo,Salvatore Quasimodo,1
France,Literature,France,1960,http://en.wikipedia.org/wiki/Saint-John_Perse,Saint-John Perse,1
Bosnia,Literature,Bosnia|Serbia,1961,http://en.wikipedia.org/wiki/Ivo_Andri%C4%87,Ivo Andrić,1
US_CA,Literature,US,1962,http://en.wikipedia.org/wiki/John_Steinbeck,John Steinbeck,1
Turkey,Literature,Turkey|Greece,1963,http://en.wikipedia.org/wiki/Giorgos_Seferis,Giorgos Seferis,1
France,Literature,France,1964,http://en.wikipedia.org/wiki/Jean-Paul_Sartre,Jean-Paul Sartre,1
Russia,Literature,Russia,1965,http://en.wikipedia.org/wiki/Mikhail_Sholokhov,Mikhail Sholokhov,1
Ukraine,Literature,Poland|Israel,1966,http://en.wikipedia.org/wiki/Shmuel_Yosef_Agnon,Shmuel Yosef Agnon,1/2
Germany,Literature,Germany|Sweden,1966,http://en.wikipedia.org/wiki/Nelly_Sachs,Nelly Sachs,1/2
Guatemala,Literature,Guatemala,1967,http://en.wikipedia.org/wiki/Miguel_%C3%81ngel_Asturias,Miguel Ángel Asturias,1
Japan,Literature,Japan,1968,http://en.wikipedia.org/wiki/Yasunari_Kawabata,Yasunari Kawabata,1
Ireland,Literature,Ireland,1969,http://en.wikipedia.org/wiki/Samuel_Beckett,Samuel Beckett,1
Russia,Literature,Russia,1970,http://en.wikipedia.org/wiki/Aleksandr_Solzhenitsyn,Aleksandr Solzhenitsyn,1
Chile,Literature,Chile,1971,http://en.wikipedia.org/wiki/Pablo_Neruda,Pablo Neruda,1
Germany,Literature,Germany,1972,http://en.wikipedia.org/wiki/Heinrich_B%C3%B6ll,Heinrich Böll,1
UK_ENG,Literature,UK|Australia,1973,http://en.wikipedia.org/wiki/Patrick_White,Patrick White,1
Sweden,Literature,Sweden,1974,http://en.wikipedia.org/wiki/Eyvind_Johnson,Eyvind Johnson,1/2
Sweden,Literature,Sweden,1974,http://en.wikipedia.org/wiki/Harry_Martinson,Harry Martinson,1/2
Italy,Literature,Italy,1975,http://en.wikipedia.org/wiki/Eugenio_Montale,Eugenio Montale,1
Canada,Literature,Canada|US,1976,http://en.wikipedia.org/wiki/Saul_Bellow,Saul Bellow,1
Spain,Literature,Spain,1977,http://en.wikipedia.org/wiki/Vicente_Aleixandre,Vicente Aleixandre,1
Poland,Literature,Poland|US,1978,http://en.wikipedia.org/wiki/Isaac_Bashevis_Singer,Isaac Bashevis Singer,1
Greece,Literature,Greece,1979,http://en.wikipedia.org/wiki/Odysseas_Elytis,Odysseas Elytis,1
Lithuania,Literature,Poland|US,1980,http://en.wikipedia.org/wiki/Czes%C5%82aw_Mi%C5%82osz,Czesław Miłosz,1
Bulgaria,Literature,Bulgaria|UK,1981,http://en.wikipedia.org/wiki/Elias_Canetti,Elias Canetti,1
Colombia,Literature,Colombia,1982,http://en.wikipedia.org/wiki/Gabriel_Garc%C3%ADa_M%C3%A1rquez,Gabriel García Márquez,1
UK_ENG,Literature,UK,1983,http://en.wikipedia.org/wiki/William_Golding,William Golding,1
Czech Republic,Literature,Czech Republic,1984,http://en.wikipedia.org/wiki/Jaroslav_Seifert,Jaroslav Seifert,1
Madagascar,Literature,France,1985,http://en.wikipedia.org/wiki/Claude_Simon,Claude Simon,1
Nigeria,Literature,Nigeria,1986,http://en.wikipedia.org/wiki/Wole_Soyinka,Wole Soyinka,1
Russia,Literature,Russia|US,1987,http://en.wikipedia.org/wiki/Joseph_Brodsky,Joseph Brodsky,1
Egypt,Literature,Egypt,1988,http://en.wikipedia.org/wiki/Naguib_Mahfouz,Naguib Mahfouz,1
Spain,Literature,Spain,1989,http://en.wikipedia.org/wiki/Camilo_Jos%C3%A9_Cela,Camilo José Cela,1
Mexico,Literature,Mexico,1990,http://en.wikipedia.org/wiki/Octavio_Paz,Octavio Paz,1
South Africa,Literature,South Africa,1991,http://en.wikipedia.org/wiki/Nadine_Gordimer,Nadine Gordimer,1
Saint Lucia,Literature,Saint Lucia,1992,http://en.wikipedia.org/wiki/Derek_Walcott,Derek Walcott,1
US_OH,Literature,US,1993,http://en.wikipedia.org/wiki/Toni_Morrison,Toni Morrison,1
Japan,Literature,Japan,1994,http://en.wikipedia.org/wiki/Kenzabur%C5%8D_%C5%8Ce,Kenzaburō Ōe,1
UK_NIR,Literature,UK|Ireland,1995,http://en.wikipedia.org/wiki/Seamus_Heaney,Seamus Heaney,1
Poland,Literature,Poland,1996,http://en.wikipedia.org/wiki/Wis%C5%82awa_Szymborska,Wisława Szymborska,1
Italy,Literature,Italy,1997,http://en.wikipedia.org/wiki/Dario_Fo,Dario Fo,1
Portugal,Literature,Portugal,1998,http://en.wikipedia.org/wiki/Jos%C3%A9_Saramago,José Saramago,1
Poland,Literature,Germany,1999,http://en.wikipedia.org/wiki/G%C3%BCnter_Grass,Günter Grass,1
China,Literature,China|France,2000,http://en.wikipedia.org/wiki/Gao_Xingjian,Gao Xingjian,1
Trinidad and Tobago,Literature,Trinidad and Tobago|UK,2001,http://en.wikipedia.org/wiki/V._S._Naipaul,V. S. Naipaul,1
Hungary,Literature,Hungary,2002,http://en.wikipedia.org/wiki/Imre_Kert%C3%A9sz,Imre Kertész,1
South Africa,Literature,South Africa|Australia,2003,http://en.wikipedia.org/wiki/J._M._Coetzee,J. M. Coetzee,1
Austria,Literature,Austria,2004,http://en.wikipedia.org/wiki/Elfriede_Jelinek,Elfriede Jelinek,1
UK_ENG,Literature,UK,2005,http://en.wikipedia.org/wiki/Harold_Pinter,Harold Pinter,1
Turkey,Literature,Turkey,2006,http://en.wikipedia.org/wiki/Orhan_Pamuk,Orhan Pamuk,1
Iran,Literature,UK,2007,http://en.wikipedia.org/wiki/Doris_Lessing,Doris Lessing,1
France,Literature,France,2008,http://en.wikipedia.org/wiki/J._M._G._Le_Cl%C3%A9zio,J. M. G. Le Clézio,1
Romania,Literature,Romania|Germany,2009,http://en.wikipedia.org/wiki/Herta_M%C3%BCller,Herta Müller,1
Peru,Literature,Peru|Spain,2010,http://en.wikipedia.org/wiki/Mario_Vargas_Llosa,Mario Vargas Llosa,1
Sweden,Literature,Sweden,2011,http://en.wikipedia.org/wiki/Tomas_Transtr%C3%B6mer,Tomas Tranströmer,1
China,Literature,China,2012,http://en.wikipedia.org/wiki/Mo_Yan,Mo Yan,1
Canada,Literature,Canada,2013,http://en.wikipedia.org/wiki/Alice_Munro,Alice Munro,1
France,Literature,France,2014,http://en.wikipedia.org/wiki/Patrick_Modiano,Patrick Modiano,1
Ukraine,Literature,Belarus,2015,http://en.wikipedia.org/wiki/Svetlana_Alexievich,Svetlana Alexievich,1
US_MN,Literature,US,2016,http://en.wikipedia.org/wiki/Bob_Dylan,Bob Dylan,1
Japan,Literature,Japan|UK,2017,https://en.wikipedia.org/wiki/Kazuo_Ishiguro,Kazuo Ishiguro,1
Switzerland,Peace,Switzerland|France,1901,http://en.wikipedia.org/wiki/Henry_Dunant,Henry Dunant,1/2
France,Peace,France,1901,http://en.wikipedia.org/wiki/Fr%C3%A9d%C3%A9ric_Passy,Frédéric Passy,1/2
Switzerland,Peace,Switzerland,1902,http://en.wikipedia.org/wiki/%C3%89lie_Ducommun,Élie Ducommun,1/2
Switzerland,Peace,Switzerland,1902,http://en.wikipedia.org/wiki/Charles_Albert_Gobat,Charles Albert Gobat,1/2
UK_ENG,Peace,UK,1903,http://en.wikipedia.org/wiki/Randal_Cremer,Randal Cremer,1
Belgium,Peace,,1904,http://en.wikipedia.org/wiki/Institut_de_Droit_International,Institut de Droit International,1
Czech Republic,Peace,Czech Republic|Austria,1905,http://en.wikipedia.org/wiki/Bertha_von_Suttner,Bertha von Suttner,1
US_NY,Peace,US,1906,http://en.wikipedia.org/wiki/Theodore_Roosevelt,Theodore Roosevelt,1
Italy,Peace,Italy,1907,http://en.wikipedia.org/wiki/Ernesto_Teodoro_Moneta,Ernesto Teodoro Moneta,1/2
France,Peace,France,1907,http://en.wikipedia.org/wiki/Louis_Renault_(jurist),Louis Renault,1/2
Sweden,Peace,Sweden,1908,http://en.wikipedia.org/wiki/Klas_Pontus_Arnoldson,Klas Pontus Arnoldson,1/2
Denmark,Peace,Denmark,1908,http://en.wikipedia.org/wiki/Fredrik_Bajer,Fredrik Bajer,1/2
Belgium,Peace,Belgium,1909,http://en.wikipedia.org/wiki/Auguste_Marie_Fran%C3%A7ois_Beernaert,Auguste Marie François Beernaert,1/2
France,Peace,France,1909,http://en.wikipedia.org/wiki/Paul-Henri-Benjamin_d%27Estournelles_de_Constant,Paul-Henri-Benjamin d'Estournelles de Constant,1/2
Switzerland,Peace,,1910,http://en.wikipedia.org/wiki/International_Peace_Bureau,International Peace Bureau,1
Netherlands,Peace,Netherlands,1911,http://en.wikipedia.org/wiki/Tobias_Asser,Tobias Asser,1/2
Austria,Peace,Austria,1911,http://en.wikipedia.org/wiki/Alfred_Hermann_Fried,Alfred Hermann Fried,1/2
US_NY,Peace,US,1912,http://en.wikipedia.org/wiki/Elihu_Root,Elihu Root,1
Belgium,Peace,Belgium,1913,http://en.wikipedia.org/wiki/Henri_La_Fontaine,Henri La Fontaine,1
Switzerland,Peace,,1917,http://en.wikipedia.org/wiki/International_Committee_of_the_Red_Cross,International Committee of the Red Cross,1
US_VA,Peace,US,1919,http://en.wikipedia.org/wiki/Woodrow_Wilson,Woodrow Wilson,1
France,Peace,France,1920,http://en.wikipedia.org/wiki/L%C3%A9on_Bourgeois,Léon Bourgeois,1
Sweden,Peace,Sweden,1921,http://en.wikipedia.org/wiki/Hjalmar_Branting,Hjalmar Branting,1/2
Norway,Peace,Norway,1921,http://en.wikipedia.org/wiki/Christian_Lous_Lange,Christian Lous Lange,1/2
Norway,Peace,Norway,1922,http://en.wikipedia.org/wiki/Fridtjof_Nansen,Fridtjof Nansen,1
UK_ENG,Peace,UK,1925,http://en.wikipedia.org/wiki/Austen_Chamberlain,Austen Chamberlain,1/2
US_OH,Peace,US,1925,http://en.wikipedia.org/wiki/Charles_G._Dawes,Charles G. Dawes,1/2
France,Peace,France,1926,http://en.wikipedia.org/wiki/Aristide_Briand,Aristide Briand,1/2
Germany,Peace,Germany,1926,http://en.wikipedia.org/wiki/Gustav_Stresemann,Gustav Stresemann,1/2
France,Peace,France,1927,http://en.wikipedia.org/wiki/Ferdinand_Buisson,Ferdinand Buisson,1/2
Germany,Peace,Germany,1927,http://en.wikipedia.org/wiki/Ludwig_Quidde,Ludwig Quidde,1/2
US_NY,Peace,US,1929,http://en.wikipedia.org/wiki/Frank_B._Kellogg,Frank B. Kellogg,1
Sweden,Peace,Sweden,1930,http://en.wikipedia.org/wiki/Nathan_S%C3%B6derblom,Nathan Söderblom,1
US_NY,Peace,US,1931,http://en.wikipedia.org/wiki/Jane_Addams,Jane Addams,1/2
US_NJ,Peace,US,1931,http://en.wikipedia.org/wiki/Nicholas_Murray_Butler,Nicholas Murray Butler,1/2
UK_ENG,Peace,UK,1933,http://en.wikipedia.org/wiki/Norman_Angell,Norman Angell,1
UK_SCO,Peace,UK,1934,http://en.wikipedia.org/wiki/Arthur_Henderson,Arthur Henderson,1
Germany,Peace,Germany,1935,http://en.wikipedia.org/wiki/Carl_von_Ossietzky,Carl von Ossietzky,1
Argentina,Peace,Argentina,1936,http://en.wikipedia.org/wiki/Carlos_Saavedra_Lamas,Carlos Saavedra Lamas,1
UK_ENG,Peace,UK,1937,"http://en.wikipedia.org/wiki/Robert_Cecil,_1st_Viscount_Cecil_of_Chelwood",The Viscount Cecil of Chelwood,1
Switzerland,Peace,,1938,http://en.wikipedia.org/wiki/Office_international_Nansen_pour_les_r%C3%A9fugi%C3%A9s,Nansen International Office For Refugees,1
Switzerland,Peace,,1944,http://en.wikipedia.org/wiki/International_Committee_of_the_Red_Cross,International Committee of the Red Cross,1
US_TN,Peace,US,1945,http://en.wikipedia.org/wiki/Cordell_Hull,Cordell Hull,1
US_MA,Peace,US,1946,http://en.wikipedia.org/wiki/Emily_Greene_Balch,Emily Greene Balch,1/2
US_NY,Peace,US,1946,http://en.wikipedia.org/wiki/John_Mott,John Mott,1/2
UK_ENG,Peace,,1947,http://en.wikipedia.org/wiki/Quaker_Peace_and_Social_Witness,Friends Service Council,1/2
US_PA,Peace,,1947,http://en.wikipedia.org/wiki/American_Friends_Service_Committee,American Friends Service Committee,1/2
UK_SCO,Peace,UK,1949,"http://en.wikipedia.org/wiki/John_Boyd_Orr,_1st_Baron_Boyd-Orr",John Boyd Orr,1
US_MI,Peace,US,1950,http://en.wikipedia.org/wiki/Ralph_Bunche,Ralph Bunche,1
France,Peace,France,1951,http://en.wikipedia.org/wiki/L%C3%A9on_Jouhaux,Léon Jouhaux,1
France,Peace,Germany|France,1952,http://en.wikipedia.org/wiki/Albert_Schweitzer,Albert Schweitzer,1
US_PA,Peace,US,1953,http://en.wikipedia.org/wiki/George_Marshall,George Marshall,1
Switzerland,Peace,,1954,http://en.wikipedia.org/wiki/United_Nations_High_Commissioner_for_Refugees,United Nations High Commissioner for Refugees,1
Canada,Peace,Canada,1957,http://en.wikipedia.org/wiki/Lester_B._Pearson,Lester B. Pearson,1
Belgium,Peace,Belgium,1958,http://en.wikipedia.org/wiki/Dominique_Pire,Dominique Pire,1
UK_ENG,Peace,UK,1959,"http://en.wikipedia.org/wiki/Philip_Noel-Baker,_Baron_Noel-Baker",Philip Noel-Baker,1
Zimbabwe,Peace,South Africa,1960,http://en.wikipedia.org/wiki/Albert_Lutuli,Albert Lutuli,1
Sweden,Peace,Sweden,1961,http://en.wikipedia.org/wiki/Dag_Hammarskj%C3%B6ld,Dag Hammarskjöld,1
US_OR,Peace,US,1962,http://en.wikipedia.org/wiki/Linus_Pauling,Linus Pauling,1
Switzerland,Peace,,1963,http://en.wikipedia.org/wiki/International_Committee_of_the_Red_Cross,International Committee of the Red Cross,1/2
Switzerland,Peace,,1963,http://en.wikipedia.org/wiki/International_Federation_of_Red_Cross_and_Red_Crescent_Societies,League of Red Cross societies,1/2
US_GA,Peace,US,1964,"http://en.wikipedia.org/wiki/Martin_Luther_King,_Jr.","Martin Luther King, Jr.",1
US_NY,Peace,,1965,http://en.wikipedia.org/wiki/UNICEF,United Nations International Children's Emergency Fund (UNICEF),1
France,Peace,France,1968,http://en.wikipedia.org/wiki/Ren%C3%A9_Cassin,René Cassin,1
Switzerland,Peace,,1969,http://en.wikipedia.org/wiki/International_Labour_Organization,International Labour Organization,1
US_IA,Peace,US,1970,http://en.wikipedia.org/wiki/Norman_Borlaug,Norman Borlaug,1
Germany,Peace,Germany,1971,http://en.wikipedia.org/wiki/Willy_Brandt,Willy Brandt,1
Germany,Peace,Germany|US,1973,http://en.wikipedia.org/wiki/Henry_Kissinger,Henry Kissinger,1/2
Vietnam,Peace,Vietnam,1973,http://en.wikipedia.org/wiki/Le_Duc_Tho,Le Duc Tho,1/2
France,Peace,Ireland,1974,http://en.wikipedia.org/wiki/Se%C3%A1n_MacBride,Seán MacBride,1/2
Japan,Peace,Japan,1974,http://en.wikipedia.org/wiki/Eisaku_Sat%C5%8D,Eisaku Satō,1/2
Russia,Peace,Russia,1975,http://en.wikipedia.org/wiki/Andrei_Sakharov,Andrei Sakharov,1
UK_NIR,Peace,UK,1976,http://en.wikipedia.org/wiki/Betty_Williams_(Nobel_laureate),Betty Williams,1/2
UK_NIR,Peace,Ireland,1976,http://en.wikipedia.org/wiki/Mairead_Maguire,Mairead Maguire,1/2
UK_ENG,Peace,,1977,http://en.wikipedia.org/wiki/Amnesty_International,Amnesty International,1
Egypt,Peace,Egypt,1978,http://en.wikipedia.org/wiki/Anwar_Sadat,Anwar Sadat,1/2
Belarus,Peace,Belarus|Israel,1978,http://en.wikipedia.org/wiki/Menachem_Begin,Menachem Begin,1/2
Macedonia,Peace,Macedonia|India,1979,http://en.wikipedia.org/wiki/Mother_Teresa,Mother Teresa,1
Argentina,Peace,Argentina,1980,http://en.wikipedia.org/wiki/Adolfo_P%C3%A9rez_Esquivel,Adolfo Pérez Esquivel,1
Switzerland,Peace,,1981,http://en.wikipedia.org/wiki/United_Nations_High_Commissioner_for_Refugees,United Nations High Commissioner for Refugees,1
Sweden,Peace,Sweden,1982,http://en.wikipedia.org/wiki/Alva_Myrdal,Alva Myrdal,1/2
Mexico,Peace,Mexico,1982,http://en.wikipedia.org/wiki/Alfonso_Garc%C3%ADa_Robles,Alfonso García Robles,1/2
Poland,Peace,Poland,1983,http://en.wikipedia.org/wiki/Lech_Wa%C5%82%C4%99sa,Lech Wałęsa,1
South Africa,Peace,South Africa,1984,http://en.wikipedia.org/wiki/Desmond_Tutu,Desmond Tutu,1
US_MA,Peace,,1985,http://en.wikipedia.org/wiki/International_Physicians_for_the_Prevention_of_Nuclear_War,International Physicians for the Prevention of Nuclear War,1
Romania,Peace,Romania|US,1986,http://en.wikipedia.org/wiki/Elie_Wiesel,Elie Wiesel,1
Costa Rica,Peace,Costa Rica,1987,http://en.wikipedia.org/wiki/%C3%93scar_Arias,Óscar Arias,1
International,Peace,,1988,http://en.wikipedia.org/wiki/United_Nations_peacekeeping,United Nations Peace-Keeping Forces,1
China,Peace,China|India,1989,http://en.wikipedia.org/wiki/14th_Dalai_Lama,Tenzin Gyatso (The Dalai Lama),1
Russia,Peace,Russia,1990,http://en.wikipedia.org/wiki/Mikhail_Gorbachev,Mikhail Gorbachev,1
Myanmar,Peace,Myanmar,1991,http://en.wikipedia.org/wiki/Aung_San_Suu_Kyi,Aung San Suu Kyi,1
Guatemala,Peace,Guatemala,1992,http://en.wikipedia.org/wiki/Rigoberta_Mench%C3%BA,Rigoberta Menchú,1
South Africa,Peace,South Africa,1993,http://en.wikipedia.org/wiki/Nelson_Mandela,Nelson Mandela,1/2
South Africa,Peace,South Africa,1993,http://en.wikipedia.org/wiki/F._W._de_Klerk,F. W. de Klerk,1/2
Egypt,Peace,Palestine,1994,http://en.wikipedia.org/wiki/Yasser_Arafat,Yasser Arafat,1/3
Belarus,Peace,Poland|Israel,1994,http://en.wikipedia.org/wiki/Shimon_Peres,Shimon Peres,1/3
Israel,Peace,Israel,1994,http://en.wikipedia.org/wiki/Yitzhak_Rabin,Yitzhak Rabin,1/3
Poland,Peace,Poland|UK,1995,http://en.wikipedia.org/wiki/Joseph_Rotblat,Joseph Rotblat,1/2
Canada,Peace,,1995,http://en.wikipedia.org/wiki/Pugwash_Conferences_on_Science_and_World_Affairs,Pugwash Conferences on Science and World Affairs,1/2
Timor-Leste,Peace,Timor-Leste,1996,http://en.wikipedia.org/wiki/Carlos_Filipe_Ximenes_Belo,Carlos Filipe Ximenes Belo,1/2
Timor-Leste,Peace,Timor-Leste,1996,http://en.wikipedia.org/wiki/Jos%C3%A9_Ramos-Horta,José Ramos-Horta,1/2
International,Peace,,1997,http://en.wikipedia.org/wiki/International_Campaign_to_Ban_Landmines,International Campaign to Ban Landmines,1/2
US_VT,Peace,US,1997,http://en.wikipedia.org/wiki/Jody_Williams,Jody Williams,1/2
UK_NIR,Peace,Ireland,1998,http://en.wikipedia.org/wiki/John_Hume,John Hume,1/2
UK_NIR,Peace,UK,1998,http://en.wikipedia.org/wiki/David_Trimble,David Trimble,1/2
France,Peace,,1999,http://en.wikipedia.org/wiki/M%C3%A9decins_Sans_Fronti%C3%A8res,Médecins Sans Frontières,1
South Korea,Peace,South Korea,2000,http://en.wikipedia.org/wiki/Kim_Dae-jung,Kim Dae-jung,1
International,Peace,,2001,http://en.wikipedia.org/wiki/United_Nations,United Nations,1/2
Ghana,Peace,Ghana,2001,http://en.wikipedia.org/wiki/Kofi_Annan,Kofi Annan,1/2
US_GA,Peace,US,2002,http://en.wikipedia.org/wiki/Jimmy_Carter,Jimmy Carter,1
Iran,Peace,Iran,2003,http://en.wikipedia.org/wiki/Shirin_Ebadi,Shirin Ebadi,1
Kenya,Peace,Kenya,2004,http://en.wikipedia.org/wiki/Wangari_Maathai,Wangari Maathai,1
Austria,Peace,,2005,http://en.wikipedia.org/wiki/International_Atomic_Energy_Agency,International Atomic Energy Agency,1/2
Egypt,Peace,Egypt,2005,http://en.wikipedia.org/wiki/Mohamed_ElBaradei,Mohamed ElBaradei,1/2
Bangladesh,Peace,Bangladesh,2006,http://en.wikipedia.org/wiki/Muhammad_Yunus,Muhammad Yunus,1/2
Bangladesh,Peace,,2006,http://en.wikipedia.org/wiki/Grameen_Bank,Grameen Bank,1/2
International,Peace,,2007,http://en.wikipedia.org/wiki/Intergovernmental_Panel_on_Climate_Change,Intergovernmental Panel on Climate Change,1/2
US_DC,Peace,US,2007,http://en.wikipedia.org/wiki/Al_Gore,Al Gore,1/2
Russia,Peace,Finland,2008,http://en.wikipedia.org/wiki/Martti_Ahtisaari,Martti Ahtisaari,1
US_HI,Peace,US,2009,http://en.wikipedia.org/wiki/Barack_Obama,Barack Obama,1
China,Peace,China,2010,http://en.wikipedia.org/wiki/Liu_Xiaobo,Liu Xiaobo,1
Liberia,Peace,Liberia,2011,http://en.wikipedia.org/wiki/Ellen_Johnson_Sirleaf,Ellen Johnson Sirleaf,1/3
Liberia,Peace,Liberia,2011,http://en.wikipedia.org/wiki/Leymah_Gbowee,Leymah Gbowee,1/3
Yemen,Peace,Yemen,2011,http://en.wikipedia.org/wiki/Tawakel_Karman,Tawakel Karman,1/3
International,Peace,,2012,http://en.wikipedia.org/wiki/European_Union,European Union,1
Netherlands,Peace,,2013,http://en.wikipedia.org/wiki/Organisation_for_the_Prohibition_of_Chemical_Weapons,Organisation for the Prohibition of Chemical Weapons,1
India,Peace,India,2014,http://en.wikipedia.org/wiki/Kailash_Satyarthi,Kailash Satyarthi,1/2
Pakistan,Peace,Pakistan,2014,http://en.wikipedia.org/wiki/Malala_Yousafzai,Malala Yousafzai,1/2
Tunisia,Peace,,2015,http://en.wikipedia.org/wiki/Tunisian_National_Dialogue_Quartet,Tunisian National Dialogue Quartet,1
Colombia,Peace,Colombia,2016,https://en.wikipedia.org/wiki/Juan_Manuel_Santos,Juan Manuel Santos,1
Australia,Peace,,2017,https://en.wikipedia.org/wiki/International_Campaign_to_Abolish_Nuclear_Weapons,International Campaign to Abolish Nuclear Weapons,1
Germany,Physics,Germany,1901,http://en.wikipedia.org/wiki/Wilhelm_R%C3%B6ntgen,Wilhelm Röntgen,1
Netherlands,Physics,Netherlands,1902,http://en.wikipedia.org/wiki/Hendrik_Lorentz,Hendrik Lorentz,1/2
Netherlands,Physics,Netherlands,1902,http://en.wikipedia.org/wiki/Pieter_Zeeman,Pieter Zeeman,1/2
France,Physics,France,1903,http://en.wikipedia.org/wiki/Henri_Becquerel,Henri Becquerel,1/2
France,Physics,France,1903,http://en.wikipedia.org/wiki/Pierre_Curie,Pierre Curie,1/4
Poland,Physics,Poland|France,1903,http://en.wikipedia.org/wiki/Marie_Curie,Marie Curie,1/4
UK_ENG,Physics,UK,1904,"http://en.wikipedia.org/wiki/John_Strutt,_3rd_Baron_Rayleigh",Lord Rayleigh,1
Slovakia,Physics,Hungary|Germany,1905,http://en.wikipedia.org/wiki/Philipp_Lenard,Philipp Lenard,1
UK_ENG,Physics,UK,1906,http://en.wikipedia.org/wiki/J._J._Thomson,J. J. Thomson,1
Poland,Physics,US,1907,http://en.wikipedia.org/wiki/Albert_Abraham_Michelson,Albert Abraham Michelson,1
Luxembourg,Physics,France,1908,http://en.wikipedia.org/wiki/Gabriel_Lippmann,Gabriel Lippmann,1
Germany,Physics,Germany,1909,http://en.wikipedia.org/wiki/Karl_Ferdinand_Braun,Karl Ferdinand Braun,1/2
Italy,Physics,Italy,1909,http://en.wikipedia.org/wiki/Guglielmo_Marconi,Guglielmo Marconi,1/2
Netherlands,Physics,Netherlands,1910,http://en.wikipedia.org/wiki/Johannes_Diderik_van_der_Waals,Johannes Diderik van der Waals,1
Russia,Physics,Germany,1911,http://en.wikipedia.org/wiki/Wilhelm_Wien,Wilhelm Wien,1
Sweden,Physics,Sweden,1912,http://en.wikipedia.org/wiki/Gustaf_Dal%C3%A9n,Gustaf Dalén,1
Netherlands,Physics,Netherlands,1913,http://en.wikipedia.org/wiki/Heike_Kamerlingh_Onnes,Heike Kamerlingh Onnes,1
Germany,Physics,Germany,1914,http://en.wikipedia.org/wiki/Max_von_Laue,Max von Laue,1
UK_ENG,Physics,UK,1915,http://en.wikipedia.org/wiki/William_Henry_Bragg,William Henry Bragg,1/2
Australia,Physics,UK,1915,http://en.wikipedia.org/wiki/William_Lawrence_Bragg,William Lawrence Bragg,1/2
UK_ENG,Physics,UK,1917,http://en.wikipedia.org/wiki/Charles_Glover_Barkla,Charles Glover Barkla,1
Germany,Physics,Germany,1918,http://en.wikipedia.org/wiki/Max_Planck,Max Planck,1
Germany,Physics,Germany,1919,http://en.wikipedia.org/wiki/Johannes_Stark,Johannes Stark,1
Switzerland,Physics,Switzerland,1920,http://en.wikipedia.org/wiki/Charles_%C3%89douard_Guillaume,Charles Édouard Guillaume,1
Germany,Physics,Germany|Switzerland|US,1921,http://en.wikipedia.org/wiki/Albert_Einstein,Albert Einstein,1
Denmark,Physics,Denmark,1922,http://en.wikipedia.org/wiki/Niels_Bohr,Niels Bohr,1
US_IL,Physics,US,1923,http://en.wikipedia.org/wiki/Robert_Andrews_Millikan,Robert Andrews Millikan,1
Sweden,Physics,Sweden,1924,http://en.wikipedia.org/wiki/Manne_Siegbahn,Manne Siegbahn,1
Germany,Physics,Germany|US,1925,http://en.wikipedia.org/wiki/James_Franck,James Franck,1/2
Germany,Physics,Germany,1925,http://en.wikipedia.org/wiki/Gustav_Ludwig_Hertz,Gustav Ludwig Hertz,1/2
France,Physics,France,1926,http://en.wikipedia.org/wiki/Jean_Baptiste_Perrin,Jean Baptiste Perrin,1
US_OH,Physics,US,1927,http://en.wikipedia.org/wiki/Arthur_Compton,Arthur Compton,1/2
UK_SCO,Physics,UK,1927,http://en.wikipedia.org/wiki/Charles_Thomson_Rees_Wilson,Charles Thomson Rees Wilson,1/2
UK_ENG,Physics,UK,1928,http://en.wikipedia.org/wiki/Owen_Willans_Richardson,Owen Willans Richardson,1
France,Physics,France,1929,http://en.wikipedia.org/wiki/Louis_de_Broglie,Louis de Broglie,1
India,Physics,India,1930,http://en.wikipedia.org/wiki/C._V._Raman,C. V. Raman,1
Germany,Physics,Germany,1932,http://en.wikipedia.org/wiki/Werner_Heisenberg,Werner Heisenberg,1
Austria,Physics,Austria|Ireland,1933,http://en.wikipedia.org/wiki/Erwin_Schr%C3%B6dinger,Erwin Schrödinger,1/2
UK_ENG,Physics,Switzerland|UK,1933,http://en.wikipedia.org/wiki/Paul_Dirac,Paul Dirac,1/2
UK_ENG,Physics,UK,1935,http://en.wikipedia.org/wiki/James_Chadwick,James Chadwick,1
Austria,Physics,Austria|US,1936,http://en.wikipedia.org/wiki/Victor_Francis_Hess,Victor Francis Hess,1/2
US_NY,Physics,US,1936,http://en.wikipedia.org/wiki/Carl_David_Anderson,Carl David Anderson,1/2
US_IL,Physics,US,1937,http://en.wikipedia.org/wiki/Clinton_Davisson,Clinton Davisson,1/2
UK_ENG,Physics,UK,1937,http://en.wikipedia.org/wiki/George_Paget_Thomson,George Paget Thomson,1/2
Italy,Physics,Italy|US,1938,http://en.wikipedia.org/wiki/Enrico_Fermi,Enrico Fermi,1
US_SD,Physics,US,1939,http://en.wikipedia.org/wiki/Ernest_Lawrence,Ernest Lawrence,1
Poland,Physics,Germany,1943,http://en.wikipedia.org/wiki/Otto_Stern,Otto Stern,1
Poland,Physics,Poland|US,1944,http://en.wikipedia.org/wiki/Isidor_Isaac_Rabi,Isidor Isaac Rabi,1
Austria,Physics,Austria|Switzerland|US,1945,http://en.wikipedia.org/wiki/Wolfgang_Pauli,Wolfgang Pauli,1
US_MA,Physics,US,1946,http://en.wikipedia.org/wiki/Percy_Williams_Bridgman,Percy Williams Bridgman,1
UK_ENG,Physics,UK,1947,http://en.wikipedia.org/wiki/Edward_Victor_Appleton,Edward Victor Appleton,1
UK_ENG,Physics,UK,1948,"http://en.wikipedia.org/wiki/Patrick_Blackett,_Baron_Blackett",Patrick Blackett,1
Japan,Physics,Japan,1949,http://en.wikipedia.org/wiki/Hideki_Yukawa,Hideki Yukawa,1
UK_ENG,Physics,UK,1950,http://en.wikipedia.org/wiki/C._F._Powell,C. F. Powell,1
UK_ENG,Physics,UK,1951,http://en.wikipedia.org/wiki/John_Cockcroft,John Cockcroft,1/2
Ireland,Physics,Ireland,1951,http://en.wikipedia.org/wiki/Ernest_Walton,Ernest Walton,1/2
Switzerland,Physics,Switzerland,1952,http://en.wikipedia.org/wiki/Felix_Bloch,Felix Bloch,1/2
US_IL,Physics,US,1952,http://en.wikipedia.org/wiki/Edward_Mills_Purcell,Edward Mills Purcell,1/2
Netherlands,Physics,Netherlands,1953,http://en.wikipedia.org/wiki/Frits_Zernike,Frits Zernike,1
Poland,Physics,Germany|UK,1954,http://en.wikipedia.org/wiki/Max_Born,Max Born,1/2
Germany,Physics,Germany,1954,http://en.wikipedia.org/wiki/Walther_Bothe,Walther Bothe,1/2
US_CA,Physics,US,1955,http://en.wikipedia.org/wiki/Willis_Lamb,Willis Lamb,1/2
Germany,Physics,Germany|US,1955,http://en.wikipedia.org/wiki/Polykarp_Kusch,Polykarp Kusch,1/2
US_WI,Physics,US,1956,http://en.wikipedia.org/wiki/John_Bardeen,John Bardeen,1/3
China,Physics,US,1956,http://en.wikipedia.org/wiki/Walter_Houser_Brattain,Walter Houser Brattain,1/3
UK_ENG,Physics,US,1956,http://en.wikipedia.org/wiki/William_Shockley,William Shockley,1/3
China,Physics,China|US,1957,http://en.wikipedia.org/wiki/Chen_Ning_Yang,Chen Ning Yang,1/2
China,Physics,China|US,1957,http://en.wikipedia.org/wiki/Tsung-Dao_Lee,Tsung-Dao Lee,1/2
Russia,Physics,Russia,1958,http://en.wikipedia.org/wiki/Pavel_Cherenkov,Pavel Cherenkov,1/3
Russia,Physics,Russia,1958,http://en.wikipedia.org/wiki/Ilya_Frank,Ilya Frank,1/3
Russia,Physics,Russia,1958,http://en.wikipedia.org/wiki/Igor_Tamm,Igor Tamm,1/3
Italy,Physics,Italy|US,1959,http://en.wikipedia.org/wiki/Emilio_G._Segr%C3%A8,Emilio G. Segrè,1/2
US_CA,Physics,US,1959,http://en.wikipedia.org/wiki/Owen_Chamberlain,Owen Chamberlain,1/2
US_OH,Physics,US,1960,http://en.wikipedia.org/wiki/Donald_A._Glaser,Donald A. Glaser,1
US_NY,Physics,US,1961,http://en.wikipedia.org/wiki/Robert_Hofstadter,Robert Hofstadter,1/2
Germany,Physics,Germany,1961,http://en.wikipedia.org/wiki/Rudolf_M%C3%B6ssbauer,Rudolf Mössbauer,1/2
Azerbaijan,Physics,Azerbaijan|Russia,1962,http://en.wikipedia.org/wiki/Lev_Landau,Lev Landau,1
Hungary,Physics,Hungary|US,1963,http://en.wikipedia.org/wiki/Eugene_Wigner,Eugene Wigner,1/2
Poland,Physics,Germany|US,1963,http://en.wikipedia.org/wiki/Maria_Goeppert-Mayer,Maria Goeppert-Mayer,1/4
Germany,Physics,Germany,1963,http://en.wikipedia.org/wiki/J._Hans_D._Jensen,J. Hans D. Jensen,1/4
US_SC,Physics,US,1964,http://en.wikipedia.org/wiki/Charles_Hard_Townes,Charles Hard Townes,1/2
Russia,Physics,Russia,1964,http://en.wikipedia.org/wiki/Nikolay_Basov,Nikolay Basov,1/4
Australia,Physics,Russia,1964,http://en.wikipedia.org/wiki/Alexander_Prokhorov,Alexander Prokhorov,1/4
Japan,Physics,Japan,1965,http://en.wikipedia.org/wiki/Sin-Itiro_Tomonaga,Sin-Itiro Tomonaga,1/3
US_NY,Physics,US,1965,http://en.wikipedia.org/wiki/Julian_Schwinger,Julian Schwinger,1/3
US_NY,Physics,US,1965,http://en.wikipedia.org/wiki/Richard_Feynman,Richard Feynman,1/3
France,Physics,France,1966,http://en.wikipedia.org/wiki/Alfred_Kastler,Alfred Kastler,1
Germany,Physics,Germany|US,1967,http://en.wikipedia.org/wiki/Hans_Bethe,Hans Bethe,1
US_CA,Physics,US,1968,http://en.wikipedia.org/wiki/Luis_Walter_Alvarez,Luis Walter Alvarez,1
US_NY,Physics,US,1969,http://en.wikipedia.org/wiki/Murray_Gell-Mann,Murray Gell-Mann,1
Sweden,Physics,Sweden,1970,http://en.wikipedia.org/wiki/Hannes_Alfv%C3%A9n,Hannes Alfvén,1/2
France,Physics,France,1970,http://en.wikipedia.org/wiki/Louis_N%C3%A9el,Louis Néel,1/2
Hungary,Physics,Hungary|UK,1971,http://en.wikipedia.org/wiki/Dennis_Gabor,Dennis Gabor,1
US_WI,Physics,US,1972,http://en.wikipedia.org/wiki/John_Bardeen,John Bardeen,1/3
US_NY,Physics,US,1972,http://en.wikipedia.org/wiki/Leon_Cooper,Leon Cooper,1/3
US_IL,Physics,US,1972,http://en.wikipedia.org/wiki/John_Robert_Schrieffer,John Robert Schrieffer,1/3
Japan,Physics,Japan,1973,http://en.wikipedia.org/wiki/Leo_Esaki,Leo Esaki,1/4
Norway,Physics,Norway|US,1973,http://en.wikipedia.org/wiki/Ivar_Giaever,Ivar Giaever,1/4
UK_WAL,Physics,UK,1973,http://en.wikipedia.org/wiki/Brian_David_Josephson,Brian David Josephson,1/2
UK_ENG,Physics,UK,1974,http://en.wikipedia.org/wiki/Martin_Ryle,Martin Ryle,1/2
UK_ENG,Physics,UK,1974,http://en.wikipedia.org/wiki/Antony_Hewish,Antony Hewish,1/2
Denmark,Physics,Denmark,1975,http://en.wikipedia.org/wiki/Aage_Bohr,Aage Bohr,1/3
US_IL,Physics,US|Denmark,1975,http://en.wikipedia.org/wiki/Ben_Roy_Mottelson,Ben Roy Mottelson,1/3
US_ID,Physics,US,1975,http://en.wikipedia.org/wiki/James_Rainwater,James Rainwater,1/3
US_NY,Physics,US,1976,http://en.wikipedia.org/wiki/Burton_Richter,Burton Richter,1/2
US_MI,Physics,US,1976,http://en.wikipedia.org/wiki/Samuel_C._C._Ting,Samuel C. C. Ting,1/2
US_IN,Physics,US,1977,http://en.wikipedia.org/wiki/Philip_Warren_Anderson,Philip Warren Anderson,1/3
UK_ENG,Physics,UK,1977,http://en.wikipedia.org/wiki/Nevill_Francis_Mott,Nevill Francis Mott,1/3
US_CT,Physics,US,1977,http://en.wikipedia.org/wiki/John_Hasbrouck_Van_Vleck,John Hasbrouck Van Vleck,1/3
Russia,Physics,Russia,1978,http://en.wikipedia.org/wiki/Pyotr_Kapitsa,Pyotr Kapitsa,1/2
Germany,Physics,Germany|US,1978,http://en.wikipedia.org/wiki/Arno_Allan_Penzias,Arno Allan Penzias,1/4
US_TX,Physics,US,1978,http://en.wikipedia.org/wiki/Robert_Woodrow_Wilson,Robert Woodrow Wilson,1/4
US_NY,Physics,US,1979,http://en.wikipedia.org/wiki/Sheldon_Lee_Glashow,Sheldon Lee Glashow,1/3
Pakistan,Physics,Pakistan,1979,http://en.wikipedia.org/wiki/Abdus_Salam,Abdus Salam,1/3
US_NY,Physics,US,1979,http://en.wikipedia.org/wiki/Steven_Weinberg,Steven Weinberg,1/3
US_IL,Physics,US,1980,http://en.wikipedia.org/wiki/James_Cronin,James Cronin,1/2
US_NE,Physics,US,1980,http://en.wikipedia.org/wiki/Val_Logsdon_Fitch,Val Logsdon Fitch,1/2
Netherlands,Physics,Netherlands|US,1981,http://en.wikipedia.org/wiki/Nicolaas_Bloembergen,Nicolaas Bloembergen,1/4
US_NY,Physics,US,1981,http://en.wikipedia.org/wiki/Arthur_Leonard_Schawlow,Arthur Leonard Schawlow,1/4
Sweden,Physics,Sweden,1981,http://en.wikipedia.org/wiki/Kai_Siegbahn,Kai Siegbahn,1/2
US_MA,Physics,US,1982,http://en.wikipedia.org/wiki/Kenneth_G._Wilson,Kenneth G. Wilson,1
Pakistan,Physics,India|US,1983,http://en.wikipedia.org/wiki/Subrahmanyan_Chandrasekhar,Subrahmanyan Chandrasekhar,1/2
US_PA,Physics,US,1983,http://en.wikipedia.org/wiki/William_Alfred_Fowler,William Alfred Fowler,1/2
Italy,Physics,Italy,1984,http://en.wikipedia.org/wiki/Carlo_Rubbia,Carlo Rubbia,1/2
Netherlands,Physics,Netherlands,1984,http://en.wikipedia.org/wiki/Simon_van_der_Meer,Simon van der Meer,1/2
Poland,Physics,Germany,1985,http://en.wikipedia.org/wiki/Klaus_von_Klitzing,Klaus von Klitzing,1
Germany,Physics,Germany,1986,http://en.wikipedia.org/wiki/Ernst_Ruska,Ernst Ruska,1/2
Germany,Physics,Germany,1986,http://en.wikipedia.org/wiki/Gerd_Binnig,Gerd Binnig,1/4
Switzerland,Physics,Switzerland,1986,http://en.wikipedia.org/wiki/Heinrich_Rohrer,Heinrich Rohrer,1/4
Germany,Physics,Germany,1987,http://en.wikipedia.org/wiki/Johannes_Georg_Bednorz,Johannes Georg Bednorz,1/2
Switzerland,Physics,Switzerland,1987,http://en.wikipedia.org/wiki/Karl_Alexander_M%C3%BCller,Karl Alexander Müller,1/2
US_NY,Physics,US,1988,http://en.wikipedia.org/wiki/Leon_M._Lederman,Leon M. Lederman,1/3
US_NY,Physics,US,1988,http://en.wikipedia.org/wiki/Melvin_Schwartz,Melvin Schwartz,1/3
Germany,Physics,Germany|US|Switzerland,1988,http://en.wikipedia.org/wiki/Jack_Steinberger,Jack Steinberger,1/3
US_DC,Physics,US,1989,"http://en.wikipedia.org/wiki/Norman_Foster_Ramsey,_Jr.","Norman Foster Ramsey, Jr.",1/2
Germany,Physics,Germany|US,1989,http://en.wikipedia.org/wiki/Hans_Georg_Dehmelt,Hans Georg Dehmelt,1/4
Germany,Physics,Germany,1989,http://en.wikipedia.org/wiki/Wolfgang_Paul,Wolfgang Paul,1/4
US_IL,Physics,US,1990,http://en.wikipedia.org/wiki/Jerome_Isaac_Friedman,Jerome Isaac Friedman,1/3
US_MA,Physics,US,1990,http://en.wikipedia.org/wiki/Henry_Way_Kendall,Henry Way Kendall,1/3
Canada,Physics,Canada,1990,http://en.wikipedia.org/wiki/Richard_E._Taylor,Richard E. Taylor,1/3
France,Physics,France,1991,http://en.wikipedia.org/wiki/Pierre-Gilles_de_Gennes,Pierre-Gilles de Gennes,1
Ukraine,Physics,Poland|France,1992,http://en.wikipedia.org/wiki/Georges_Charpak,Georges Charpak,1
US_NY,Physics,US,1993,http://en.wikipedia.org/wiki/Russell_Alan_Hulse,Russell Alan Hulse,1/2
US_PA,Physics,US,1993,"http://en.wikipedia.org/wiki/Joseph_Hooton_Taylor,_Jr.","Joseph Hooton Taylor, Jr.",1/2
Canada,Physics,Canada,1994,http://en.wikipedia.org/wiki/Bertram_Brockhouse,Bertram Brockhouse,1/2
US_PA,Physics,US,1994,http://en.wikipedia.org/wiki/Clifford_Shull,Clifford Shull,1/2
US_NY,Physics,US,1995,http://en.wikipedia.org/wiki/Martin_Lewis_Perl,Martin Lewis Perl,1/2
US_NJ,Physics,US,1995,http://en.wikipedia.org/wiki/Frederick_Reines,Frederick Reines,1/2
US_NY,Physics,US,1996,http://en.wikipedia.org/wiki/David_Lee_(physicist),David Lee,1/3
US_WA,Physics,US,1996,http://en.wikipedia.org/wiki/Douglas_Osheroff,Douglas Osheroff,1/3
US_DC,Physics,US,1996,http://en.wikipedia.org/wiki/Robert_Coleman_Richardson,Robert Coleman Richardson,1/3
US_MO,Physics,US,1997,http://en.wikipedia.org/wiki/Steven_Chu,Steven Chu,1/3
Algeria,Physics,Algeria|France,1997,http://en.wikipedia.org/wiki/Claude_Cohen-Tannoudji,Claude Cohen-Tannoudji,1/3
US_PA,Physics,US,1997,http://en.wikipedia.org/wiki/William_Daniel_Phillips,William Daniel Phillips,1/3
US_CA,Physics,US,1998,http://en.wikipedia.org/wiki/Robert_B._Laughlin,Robert B. Laughlin,1/3
Germany,Physics,Germany|US,1998,http://en.wikipedia.org/wiki/Horst_Ludwig_St%C3%B6rmer,Horst Ludwig Störmer,1/3
China,Physics,China|US,1998,http://en.wikipedia.org/wiki/Daniel_C._Tsui,Daniel C. Tsui,1/3
Netherlands,Physics,Netherlands,1999,http://en.wikipedia.org/wiki/Gerard_%27t_Hooft,Gerard 't Hooft,1/2
Netherlands,Physics,Netherlands,1999,http://en.wikipedia.org/wiki/Martinus_J._G._Veltman,Martinus J. G. Veltman,1/2
Belarus,Physics,Belarus|Russia,2000,http://en.wikipedia.org/wiki/Zhores_Alferov,Zhores Alferov,1/4
Germany,Physics,Germany,2000,http://en.wikipedia.org/wiki/Herbert_Kroemer,Herbert Kroemer,1/4
US_MO,Physics,US,2000,http://en.wikipedia.org/wiki/Jack_Kilby,Jack Kilby,1/2
US_CA,Physics,US,2001,http://en.wikipedia.org/wiki/Eric_Allin_Cornell,Eric Allin Cornell,1/3
Germany,Physics,Germany,2001,http://en.wikipedia.org/wiki/Wolfgang_Ketterle,Wolfgang Ketterle,1/3
US_OR,Physics,US,2001,http://en.wikipedia.org/wiki/Carl_Wieman,Carl Wieman,1/3
US_DC,Physics,US,2002,"http://en.wikipedia.org/wiki/Raymond_Davis,_Jr.","Raymond Davis, Jr.",1/4
Japan,Physics,Japan,2002,http://en.wikipedia.org/wiki/Masatoshi_Koshiba,Masatoshi Koshiba,1/4
Italy,Physics,Italy|US,2002,http://en.wikipedia.org/wiki/Riccardo_Giacconi,Riccardo Giacconi,1/2
Russia,Physics,Russia|US,2003,http://en.wikipedia.org/wiki/Alexei_Alexeyevich_Abrikosov,Alexei Alexeyevich Abrikosov,1/3
Russia,Physics,Russia,2003,http://en.wikipedia.org/wiki/Vitaly_Ginzburg,Vitaly Ginzburg,1/3
UK_ENG,Physics,UK|US,2003,http://en.wikipedia.org/wiki/Anthony_James_Leggett,Anthony James Leggett,1/3
US_DC,Physics,US,2004,http://en.wikipedia.org/wiki/David_Gross,David Gross,1/3
US_NY,Physics,US,2004,http://en.wikipedia.org/wiki/Hugh_David_Politzer,Hugh David Politzer,1/3
US_NY,Physics,US,2004,http://en.wikipedia.org/wiki/Frank_Wilczek,Frank Wilczek,1/3
US_NY,Physics,US,2005,http://en.wikipedia.org/wiki/Roy_J._Glauber,Roy J. Glauber,1/2
US_CO,Physics,US,2005,http://en.wikipedia.org/wiki/John_L._Hall,John L. Hall,1/4
Germany,Physics,Germany,2005,http://en.wikipedia.org/wiki/Theodor_W._H%C3%A4nsch,Theodor W. Hänsch,1/4
US_VA,Physics,US,2006,http://en.wikipedia.org/wiki/John_C._Mather,John C. Mather,1/2
US_FL,Physics,US,2006,http://en.wikipedia.org/wiki/George_Smoot,George Smoot,1/2
France,Physics,France,2007,http://en.wikipedia.org/wiki/Albert_Fert,Albert Fert,1/2
Czech Republic,Physics,Germany,2007,http://en.wikipedia.org/wiki/Peter_Gr%C3%BCnberg,Peter Grünberg,1/2
Japan,Physics,Japan|US,2008,http://en.wikipedia.org/wiki/Yoichiro_Nambu,Yoichiro Nambu,1/2
Japan,Physics,Japan,2008,http://en.wikipedia.org/wiki/Makoto_Kobayashi_(physicist),Makoto Kobayashi,1/4
Japan,Physics,Japan,2008,http://en.wikipedia.org/wiki/Toshihide_Maskawa,Toshihide Maskawa,1/4
China,Physics,China|Hong Kong|UK|US,2009,http://en.wikipedia.org/wiki/Charles_K._Kao,Charles K. Kao,1/2
Canada,Physics,Canada|US,2009,http://en.wikipedia.org/wiki/Willard_Boyle,Willard S. Boyle,1/4
US_NY,Physics,US,2009,http://en.wikipedia.org/wiki/George_E._Smith,George E. Smith,1/4
Russia,Physics,Russia|Netherlands|UK,2010,http://en.wikipedia.org/wiki/Andre_Geim,Andre Geim,1/2
Russia,Physics,Russia|UK,2010,http://en.wikipedia.org/wiki/Konstantin_Novoselov,Konstantin Novoselov,1/2
US_IL,Physics,US,2011,http://en.wikipedia.org/wiki/Saul_Perlmutter,Saul Perlmutter,1/2
US_DC,Physics,US,2011,http://en.wikipedia.org/wiki/Adam_Riess,Adam G. Riess,1/4
US_MT,Physics,US|Australia,2011,http://en.wikipedia.org/wiki/Brian_Schmidt,Brian Schmidt,1/4
Morocco,Physics,Morocco|France,2012,http://en.wikipedia.org/wiki/Serge_Haroche,Serge Haroche,1/2
US_WI,Physics,US,2012,http://en.wikipedia.org/wiki/David_J._Wineland,David J. Wineland,1/2
Belgium,Physics,Belgium,2013,http://en.wikipedia.org/wiki/Fran%C3%A7ois_Englert,François Englert,1/2
UK_ENG,Physics,UK,2013,http://en.wikipedia.org/wiki/Peter_Higgs,Peter W. Higgs,1/2
Japan,Physics,Japan,2014,http://en.wikipedia.org/wiki/Isamu_Akasaki,Isamu Akasaki,1/3
Japan,Physics,Japan,2014,http://en.wikipedia.org/wiki/Hiroshi_Amano,Hiroshi Amano,1/3
Japan,Physics,Japan|US,2014,http://en.wikipedia.org/wiki/Shuji_Nakamura,Shuji Nakamura,1/3
Japan,Physics,Japan,2015,http://en.wikipedia.org/wiki/Takaaki_Kajita,Takaaki Kajita,1/2
Canada,Physics,Canada,2015,http://en.wikipedia.org/wiki/Arthur_B._McDonald,Arthur B. McDonald,1/2
UK_SCO,Physics,UK,2016,http://en.wikipedia.org/wiki/David_J._Thouless,David J. Thouless,1/2
UK_ENG,Physics,UK,2016,http://en.wikipedia.org/wiki/Duncan_Haldane,Duncan Haldane,1/4
UK_SCO,Physics,UK|US,2016,http://en.wikipedia.org/wiki/John_M._Kosterlitz,John M. Kosterlitz,1/4
Germany,Physics,Germany|US,2017,https://en.wikipedia.org/wiki/Rainer_Weiss,Rainer Weiss,1/2
US_NE,Physics,US,2017,https://en.wikipedia.org/wiki/Barry_Barish,Barry Barish,1/4
US_UT,Physics,US,2017,https://en.wikipedia.org/wiki/Kip_Thorne,Kip Thorne,1/4
Poland,Physiology and Medicine,Germany,1901,http://en.wikipedia.org/wiki/Emil_Adolf_von_Behring,Emil Adolf von Behring,1
India,Physiology and Medicine,UK,1902,http://en.wikipedia.org/wiki/Ronald_Ross,Ronald Ross,1
Faroe Islands,Physiology and Medicine,Faroe Islands|Denmark,1903,http://en.wikipedia.org/wiki/Niels_Ryberg_Finsen,Niels Ryberg Finsen,1
Russia,Physiology and Medicine,Russia,1904,http://en.wikipedia.org/wiki/Ivan_Pavlov,Ivan Pavlov,1
Germany,Physiology and Medicine,Germany,1905,http://en.wikipedia.org/wiki/Robert_Koch,Robert Koch,1
Italy,Physiology and Medicine,Italy,1906,http://en.wikipedia.org/wiki/Camillo_Golgi,Camillo Golgi,1/2
Spain,Physiology and Medicine,Spain,1906,http://en.wikipedia.org/wiki/Santiago_Ram%C3%B3n_y_Cajal,Santiago Ramón y Cajal,1/2
France,Physiology and Medicine,France,1907,http://en.wikipedia.org/wiki/Charles_Louis_Alphonse_Laveran,Charles Louis Alphonse Laveran,1
Ukraine,Physiology and Medicine,Russia,1908,http://en.wikipedia.org/wiki/%C3%89lie_Metchnikoff,Élie Metchnikoff,1/2
Poland,Physiology and Medicine,Germany,1908,http://en.wikipedia.org/wiki/Paul_Ehrlich,Paul Ehrlich,1/2
Switzerland,Physiology and Medicine,Switzerland,1909,http://en.wikipedia.org/wiki/Emil_Theodor_Kocher,Emil Theodor Kocher,1
Germany,Physiology and Medicine,Germany,1910,http://en.wikipedia.org/wiki/Albrecht_Kossel,Albrecht Kossel,1
Sweden,Physiology and Medicine,Sweden,1911,http://en.wikipedia.org/wiki/Allvar_Gullstrand,Allvar Gullstrand,1
France,Physiology and Medicine,France,1912,http://en.wikipedia.org/wiki/Alexis_Carrel,Alexis Carrel,1
France,Physiology and Medicine,France,1913,http://en.wikipedia.org/wiki/Charles_Richet,Charles Richet,1
Austria,Physiology and Medicine,Austria|Sweden,1914,http://en.wikipedia.org/wiki/Robert_B%C3%A1r%C3%A1ny,Robert Bárány,1
Belgium,Physiology and Medicine,Belgium,1919,http://en.wikipedia.org/wiki/Jules_Bordet,Jules Bordet,1
Denmark,Physiology and Medicine,Denmark,1920,http://en.wikipedia.org/wiki/August_Krogh,August Krogh,1
UK_ENG,Physiology and Medicine,UK,1922,http://en.wikipedia.org/wiki/Archibald_Hill,Archibald Hill,1/2
Germany,Physiology and Medicine,Germany,1922,http://en.wikipedia.org/wiki/Otto_Fritz_Meyerhof,Otto Fritz Meyerhof,1/2
Canada,Physiology and Medicine,Canada,1923,http://en.wikipedia.org/wiki/Frederick_Banting,Frederick Banting,1/2
UK_SCO,Physiology and Medicine,UK|Canada,1923,http://en.wikipedia.org/wiki/John_James_Rickard_Macleod,John James Rickard Macleod,1/2
Indonesia,Physiology and Medicine,Netherlands,1924,http://en.wikipedia.org/wiki/Willem_Einthoven,Willem Einthoven,1
Denmark,Physiology and Medicine,Denmark,1926,http://en.wikipedia.org/wiki/Johannes_Fibiger,Johannes Fibiger,1
Austria,Physiology and Medicine,Austria,1927,http://en.wikipedia.org/wiki/Julius_Wagner-Jauregg,Julius Wagner-Jauregg,1
France,Physiology and Medicine,France,1928,http://en.wikipedia.org/wiki/Charles_Nicolle,Charles Nicolle,1
Netherlands,Physiology and Medicine,Netherlands,1929,http://en.wikipedia.org/wiki/Christiaan_Eijkman,Christiaan Eijkman,1/2
UK_ENG,Physiology and Medicine,UK,1929,http://en.wikipedia.org/wiki/Frederick_Gowland_Hopkins,Frederick Gowland Hopkins,1/2
Austria,Physiology and Medicine,Austria|Netherlands|US,1930,http://en.wikipedia.org/wiki/Karl_Landsteiner,Karl Landsteiner,1
Germany,Physiology and Medicine,Germany,1931,http://en.wikipedia.org/wiki/Otto_Heinrich_Warburg,Otto Heinrich Warburg,1
UK_ENG,Physiology and Medicine,UK,1932,http://en.wikipedia.org/wiki/Charles_Scott_Sherrington,Charles Scott Sherrington,1/2
UK_ENG,Physiology and Medicine,UK,1932,"http://en.wikipedia.org/wiki/Edgar_Adrian,_1st_Baron_Adrian",Edgar Adrian,1/2
US_KY,Physiology and Medicine,US,1933,http://en.wikipedia.org/wiki/Thomas_Hunt_Morgan,Thomas Hunt Morgan,1
US_NH,Physiology and Medicine,US,1934,http://en.wikipedia.org/wiki/George_Whipple,George Whipple,1/3
US_MA,Physiology and Medicine,US,1934,http://en.wikipedia.org/wiki/George_Minot,George Minot,1/3
US_WI,Physiology and Medicine,US,1934,http://en.wikipedia.org/wiki/William_P._Murphy,William P. Murphy,1/3
Germany,Physiology and Medicine,Germany,1935,http://en.wikipedia.org/wiki/Hans_Spemann,Hans Spemann,1
UK_ENG,Physiology and Medicine,UK,1936,http://en.wikipedia.org/wiki/Henry_Hallett_Dale,Henry Hallett Dale,1/2
Germany,Physiology and Medicine,Germany|Austria|US,1936,http://en.wikipedia.org/wiki/Otto_Loewi,Otto Loewi,1/2
Hungary,Physiology and Medicine,Hungary|US,1937,http://en.wikipedia.org/wiki/Albert_Szent-Gy%C3%B6rgyi,Albert Szent-Györgyi,1
Belgium,Physiology and Medicine,Belgium,1938,http://en.wikipedia.org/wiki/Corneille_Heymans,Corneille Heymans,1
Poland,Physiology and Medicine,Germany,1939,http://en.wikipedia.org/wiki/Gerhard_Domagk,Gerhard Domagk,1
Denmark,Physiology and Medicine,Denmark,1943,http://en.wikipedia.org/wiki/Henrik_Dam,Henrik Dam,1/2
US_IL,Physiology and Medicine,US,1943,http://en.wikipedia.org/wiki/Edward_Adelbert_Doisy,Edward Adelbert Doisy,1/2
US_CA,Physiology and Medicine,US,1944,http://en.wikipedia.org/wiki/Joseph_Erlanger,Joseph Erlanger,1/2
US_WI,Physiology and Medicine,US,1944,http://en.wikipedia.org/wiki/Herbert_Spencer_Gasser,Herbert Spencer Gasser,1/2
UK_SCO,Physiology and Medicine,UK,1945,http://en.wikipedia.org/wiki/Alexander_Fleming,Alexander Fleming,1/3
Germany,Physiology and Medicine,Germany|UK,1945,http://en.wikipedia.org/wiki/Ernst_Boris_Chain,Ernst Boris Chain,1/3
Australia,Physiology and Medicine,Australia,1945,http://en.wikipedia.org/wiki/Howard_Florey,Howard Florey,1/3
US_NY,Physiology and Medicine,US,1946,http://en.wikipedia.org/wiki/Hermann_Joseph_Muller,Hermann Joseph Muller,1
Czech Republic,Physiology and Medicine,Czech Republic,1947,http://en.wikipedia.org/wiki/Carl_Ferdinand_Cori,Carl Ferdinand Cori,1/4
Czech Republic,Physiology and Medicine,Czech Republic|US,1947,http://en.wikipedia.org/wiki/Gerty_Cori,Gerty Cori,1/4
Argentina,Physiology and Medicine,Argentina,1947,http://en.wikipedia.org/wiki/Bernardo_Houssay,Bernardo Houssay,1/2
Switzerland,Physiology and Medicine,Switzerland,1948,http://en.wikipedia.org/wiki/Paul_Hermann_M%C3%BCller,Paul Hermann Müller,1
Switzerland,Physiology and Medicine,Switzerland,1949,http://en.wikipedia.org/wiki/Walter_Rudolf_Hess,Walter Rudolf Hess,1/2
Portugal,Physiology and Medicine,Portugal,1949,http://en.wikipedia.org/wiki/Ant%C3%B3nio_Egas_Moniz,António Egas Moniz,1/2
US_PA,Physiology and Medicine,US,1950,http://en.wikipedia.org/wiki/Philip_Showalter_Hench,Philip Showalter Hench,1/3
US_CT,Physiology and Medicine,US,1950,http://en.wikipedia.org/wiki/Edward_Calvin_Kendall,Edward Calvin Kendall,1/3
Poland,Physiology and Medicine,Poland|Switzerland,1950,http://en.wikipedia.org/wiki/Tadeus_Reichstein,Tadeus Reichstein,1/3
South Africa,Physiology and Medicine,South Africa|US,1951,http://en.wikipedia.org/wiki/Max_Theiler,Max Theiler,1
Ukraine,Physiology and Medicine,Ukraine|US,1952,http://en.wikipedia.org/wiki/Selman_Waksman,Selman Waksman,1
Germany,Physiology and Medicine,Germany|UK,1953,http://en.wikipedia.org/wiki/Hans_Adolf_Krebs,Hans Adolf Krebs,1/2
Germany,Physiology and Medicine,Germany|US,1953,http://en.wikipedia.org/wiki/Fritz_Albert_Lipmann,Fritz Albert Lipmann,1/2
US_CT,Physiology and Medicine,US,1954,http://en.wikipedia.org/wiki/John_Franklin_Enders,John Franklin Enders,1/3
US_AL,Physiology and Medicine,US,1954,http://en.wikipedia.org/wiki/Frederick_Chapman_Robbins,Frederick Chapman Robbins,1/3
US_MI,Physiology and Medicine,US,1954,http://en.wikipedia.org/wiki/Thomas_Huckle_Weller,Thomas Huckle Weller,1/3
Sweden,Physiology and Medicine,Sweden,1955,http://en.wikipedia.org/wiki/Hugo_Theorell,Hugo Theorell,1
France,Physiology and Medicine,France,1956,http://en.wikipedia.org/wiki/Andr%C3%A9_Fr%C3%A9d%C3%A9ric_Cournand,André Frédéric Cournand,1/3
Germany,Physiology and Medicine,Germany,1956,http://en.wikipedia.org/wiki/Werner_Forssmann,Werner Forssmann,1/3
US_NJ,Physiology and Medicine,US,1956,http://en.wikipedia.org/wiki/Dickinson_W._Richards,Dickinson W. Richards,1/3
Switzerland,Physiology and Medicine,Switzerland|Italy,1957,http://en.wikipedia.org/wiki/Daniel_Bovet,Daniel Bovet,1
US_NE,Physiology and Medicine,US,1958,http://en.wikipedia.org/wiki/George_Wells_Beadle,George Wells Beadle,1/4
US_CO,Physiology and Medicine,US,1958,http://en.wikipedia.org/wiki/Edward_Lawrie_Tatum,Edward Lawrie Tatum,1/4
US_NJ,Physiology and Medicine,US,1958,http://en.wikipedia.org/wiki/Joshua_Lederberg,Joshua Lederberg,1/2
US_NY,Physiology and Medicine,US,1959,http://en.wikipedia.org/wiki/Arthur_Kornberg,Arthur Kornberg,1/2
Spain,Physiology and Medicine,Spain|US,1959,http://en.wikipedia.org/wiki/Severo_Ochoa,Severo Ochoa,1/2
Australia,Physiology and Medicine,Australia,1960,http://en.wikipedia.org/wiki/Frank_Macfarlane_Burnet,Frank Macfarlane Burnet,1/2
Brazil,Physiology and Medicine,UK,1960,http://en.wikipedia.org/wiki/Peter_Medawar,Peter Medawar,1/2
Hungary,Physiology and Medicine,Hungary,1961,http://en.wikipedia.org/wiki/Georg_von_B%C3%A9k%C3%A9sy,Georg von Békésy,1
UK_ENG,Physiology and Medicine,UK,1962,http://en.wikipedia.org/wiki/Francis_Crick,Francis Crick,1/3
US_IL,Physiology and Medicine,US,1962,http://en.wikipedia.org/wiki/James_D._Watson,James D. Watson,1/3
New Zealand,Physiology and Medicine,New Zealand|UK,1962,http://en.wikipedia.org/wiki/Maurice_Wilkins,Maurice Wilkins,1/3
Australia,Physiology and Medicine,Australia|Switzerland,1963,http://en.wikipedia.org/wiki/John_Eccles_(neurophysiologist),John Eccles,1/3
UK_ENG,Physiology and Medicine,UK,1963,http://en.wikipedia.org/wiki/Alan_Lloyd_Hodgkin,Alan Lloyd Hodgkin,1/3
UK_ENG,Physiology and Medicine,UK,1963,http://en.wikipedia.org/wiki/Andrew_Huxley,Andrew Huxley,1/3
Poland,Physiology and Medicine,Germany|US,1964,http://en.wikipedia.org/wiki/Konrad_Emil_Bloch,Konrad Emil Bloch,1/2
Germany,Physiology and Medicine,Germany,1964,http://en.wikipedia.org/wiki/Feodor_Felix_Konrad_Lynen,Feodor Felix Konrad Lynen,1/2
France,Physiology and Medicine,France,1965,http://en.wikipedia.org/wiki/Fran%C3%A7ois_Jacob,François Jacob,1/3
France,Physiology and Medicine,France,1965,http://en.wikipedia.org/wiki/Andr%C3%A9_Michel_Lwoff,André Michel Lwoff,1/3
France,Physiology and Medicine,France,1965,http://en.wikipedia.org/wiki/Jacques_Monod,Jacques Monod,1/3
US_MD,Physiology and Medicine,US,1966,http://en.wikipedia.org/wiki/Francis_Peyton_Rous,Francis Peyton Rous,1/2
Canada,Physiology and Medicine,Canada|US,1966,http://en.wikipedia.org/wiki/Charles_Brenton_Huggins,Charles Brenton Huggins,1/2
Finland,Physiology and Medicine,Finland|Sweden,1967,http://en.wikipedia.org/wiki/Ragnar_Granit,Ragnar Granit,1/3
US_PA,Physiology and Medicine,US,1967,http://en.wikipedia.org/wiki/Haldan_Keffer_Hartline,Haldan Keffer Hartline,1/3
US_NY,Physiology and Medicine,US,1967,http://en.wikipedia.org/wiki/George_Wald,George Wald,1/3
US_IL,Physiology and Medicine,US,1968,http://en.wikipedia.org/wiki/Robert_W._Holley,Robert W. Holley,1/3
Pakistan,Physiology and Medicine,India|US,1968,http://en.wikipedia.org/wiki/Har_Gobind_Khorana,Har Gobind Khorana,1/3
US_NY,Physiology and Medicine,US,1968,http://en.wikipedia.org/wiki/Marshall_Warren_Nirenberg,Marshall Warren Nirenberg,1/3
Germany,Physiology and Medicine,Germany|US,1969,http://en.wikipedia.org/wiki/Max_Delbr%C3%BCck,Max Delbrück,1/3
US_MI,Physiology and Medicine,US,1969,http://en.wikipedia.org/wiki/Alfred_Hershey,Alfred Hershey,1/3
Italy,Physiology and Medicine,Italy|US,1969,http://en.wikipedia.org/wiki/Salvador_Luria,Salvador Luria,1/3
US_NY,Physiology and Medicine,US,1970,http://en.wikipedia.org/wiki/Julius_Axelrod,Julius Axelrod,1/3
Sweden,Physiology and Medicine,Sweden,1970,http://en.wikipedia.org/wiki/Ulf_von_Euler,Ulf von Euler,1/3
Germany,Physiology and Medicine,Germany|UK,1970,http://en.wikipedia.org/wiki/Bernard_Katz,Bernard Katz,1/3
US_KS,Physiology and Medicine,US,1971,"http://en.wikipedia.org/wiki/Earl_Wilbur_Sutherland,_Jr.","Earl Wilbur Sutherland, Jr.",1
US_NY,Physiology and Medicine,US,1972,http://en.wikipedia.org/wiki/Gerald_Edelman,Gerald Edelman,1/2
UK_ENG,Physiology and Medicine,UK,1972,http://en.wikipedia.org/wiki/Rodney_Robert_Porter,Rodney Robert Porter,1/2
Austria,Physiology and Medicine,Austria,1973,http://en.wikipedia.org/wiki/Karl_von_Frisch,Karl von Frisch,1/3
Austria,Physiology and Medicine,Austria,1973,http://en.wikipedia.org/wiki/Konrad_Lorenz,Konrad Lorenz,1/3
Netherlands,Physiology and Medicine,Netherlands,1973,http://en.wikipedia.org/wiki/Nikolaas_Tinbergen,Nikolaas Tinbergen,1/3
Belgium,Physiology and Medicine,Belgium|US,1974,http://en.wikipedia.org/wiki/Albert_Claude,Albert Claude,1/3
UK_ENG,Physiology and Medicine,Belgium,1974,http://en.wikipedia.org/wiki/Christian_de_Duve,Christian de Duve,1/3
Romania,Physiology and Medicine,Romania|US,1974,http://en.wikipedia.org/wiki/George_Emil_Palade,George Emil Palade,1/3
US_NY,Physiology and Medicine,US,1975,http://en.wikipedia.org/wiki/David_Baltimore,David Baltimore,1/3
Italy,Physiology and Medicine,Italy|US,1975,http://en.wikipedia.org/wiki/Renato_Dulbecco,Renato Dulbecco,1/3
US_PA,Physiology and Medicine,US,1975,http://en.wikipedia.org/wiki/Howard_Martin_Temin,Howard Martin Temin,1/3
US_NY,Physiology and Medicine,US,1976,http://en.wikipedia.org/wiki/Baruch_Samuel_Blumberg,Baruch Samuel Blumberg,1/2
US_NY,Physiology and Medicine,US,1976,http://en.wikipedia.org/wiki/Daniel_Carleton_Gajdusek,Daniel Carleton Gajdusek,1/2
France,Physiology and Medicine,France|US,1977,http://en.wikipedia.org/wiki/Roger_Guillemin,Roger Guillemin,1/4
Lithuania,Physiology and Medicine,Poland|Canada|US,1977,http://en.wikipedia.org/wiki/Andrew_Schally,Andrew Schally,1/4
US_NY,Physiology and Medicine,US,1977,http://en.wikipedia.org/wiki/Rosalyn_Sussman_Yalow,Rosalyn Sussman Yalow,1/2
Switzerland,Physiology and Medicine,Switzerland,1978,http://en.wikipedia.org/wiki/Werner_Arber,Werner Arber,1/3
US_DE,Physiology and Medicine,US,1978,http://en.wikipedia.org/wiki/Daniel_Nathans,Daniel Nathans,1/3
US_NY,Physiology and Medicine,US,1978,http://en.wikipedia.org/wiki/Hamilton_O._Smith,Hamilton O. Smith,1/3
South Africa,Physiology and Medicine,South Africa|US,1979,http://en.wikipedia.org/wiki/Allan_McLeod_Cormack,Allan McLeod Cormack,1/2
UK_ENG,Physiology and Medicine,UK,1979,http://en.wikipedia.org/wiki/Godfrey_Hounsfield,Godfrey Hounsfield,1/2
Venezuela,Physiology and Medicine,Venezuela|US,1980,http://en.wikipedia.org/wiki/Baruj_Benacerraf,Baruj Benacerraf,1/3
France,Physiology and Medicine,France,1980,http://en.wikipedia.org/wiki/Jean_Dausset,Jean Dausset,1/3
US_MA,Physiology and Medicine,US,1980,http://en.wikipedia.org/wiki/George_Davis_Snell,George Davis Snell,1/3
US_CT,Physiology and Medicine,US,1981,http://en.wikipedia.org/wiki/Roger_Wolcott_Sperry,Roger Wolcott Sperry,1/2
Canada,Physiology and Medicine,US|Canada,1981,http://en.wikipedia.org/wiki/David_H._Hubel,David H. Hubel,1/4
Sweden,Physiology and Medicine,Sweden,1981,http://en.wikipedia.org/wiki/Torsten_Wiesel,Torsten Wiesel,1/4
Sweden,Physiology and Medicine,Sweden,1982,http://en.wikipedia.org/wiki/Sune_Bergstr%C3%B6m,Sune Bergström,1/3
Sweden,Physiology and Medicine,Sweden,1982,http://en.wikipedia.org/wiki/Bengt_I._Samuelsson,Bengt I. Samuelsson,1/3
UK_ENG,Physiology and Medicine,UK,1982,http://en.wikipedia.org/wiki/John_Vane,John Vane,1/3
US_CT,Physiology and Medicine,US,1983,http://en.wikipedia.org/wiki/Barbara_McClintock,Barbara McClintock,1
UK_ENG,Physiology and Medicine,UK|Denmark,1984,http://en.wikipedia.org/wiki/Niels_Kaj_Jerne,Niels Kaj Jerne,1/3
Germany,Physiology and Medicine,Germany,1984,http://en.wikipedia.org/wiki/Georges_J._F._K%C3%B6hler,Georges J. F. Köhler,1/3
Argentina,Physiology and Medicine,Argentina|UK,1984,http://en.wikipedia.org/wiki/C%C3%A9sar_Milstein,César Milstein,1/3
US_NY,Physiology and Medicine,US,1985,http://en.wikipedia.org/wiki/Michael_Stuart_Brown,Michael Stuart Brown,1/2
US_SC,Physiology and Medicine,US,1985,http://en.wikipedia.org/wiki/Joseph_L._Goldstein,Joseph L. Goldstein,1/2
US_NY,Physiology and Medicine,US,1986,http://en.wikipedia.org/wiki/Stanley_Cohen_(biochemist),Stanley Cohen,1/2
Italy,Physiology and Medicine,Italy|US,1986,http://en.wikipedia.org/wiki/Rita_Levi-Montalcini,Rita Levi-Montalcini,1/2
Japan,Physiology and Medicine,Japan,1987,http://en.wikipedia.org/wiki/Susumu_Tonegawa,Susumu Tonegawa,1
UK_SCO,Physiology and Medicine,UK,1988,http://en.wikipedia.org/wiki/James_W._Black,James W. Black,1/3
US_NY,Physiology and Medicine,US,1988,http://en.wikipedia.org/wiki/Gertrude_B._Elion,Gertrude B. Elion,1/3
US_WA,Physiology and Medicine,US,1988,http://en.wikipedia.org/wiki/George_H._Hitchings,George H. Hitchings,1/3
US_PA,Physiology and Medicine,US,1989,http://en.wikipedia.org/wiki/J._Michael_Bishop,J. Michael Bishop,1/2
US_NY,Physiology and Medicine,US,1989,http://en.wikipedia.org/wiki/Harold_E._Varmus,Harold E. Varmus,1/2
US_MA,Physiology and Medicine,US,1990,http://en.wikipedia.org/wiki/Joseph_Murray,Joseph Murray,1/2
US_TX,Physiology and Medicine,US,1990,http://en.wikipedia.org/wiki/E._Donnall_Thomas,E. Donnall Thomas,1/2
Germany,Physiology and Medicine,Germany,1991,http://en.wikipedia.org/wiki/Erwin_Neher,Erwin Neher,1/2
Germany,Physiology and Medicine,Germany,1991,http://en.wikipedia.org/wiki/Bert_Sakmann,Bert Sakmann,1/2
China,Physiology and Medicine,Switzerland|US,1992,http://en.wikipedia.org/wiki/Edmond_H._Fischer,Edmond H. Fischer,1/2
US_IA,Physiology and Medicine,US,1992,http://en.wikipedia.org/wiki/Edwin_G._Krebs,Edwin G. Krebs,1/2
UK_ENG,Physiology and Medicine,UK,1993,http://en.wikipedia.org/wiki/Richard_J._Roberts,Richard J. Roberts,1/2
US_KY,Physiology and Medicine,US,1993,http://en.wikipedia.org/wiki/Phillip_Allen_Sharp,Phillip Allen Sharp,1/2
US_CT,Physiology and Medicine,US,1994,http://en.wikipedia.org/wiki/Alfred_G._Gilman,Alfred G. Gilman,1/2
US_MD,Physiology and Medicine,US,1994,http://en.wikipedia.org/wiki/Martin_Rodbell,Martin Rodbell,1/2
US_PA,Physiology and Medicine,US,1995,http://en.wikipedia.org/wiki/Edward_B._Lewis,Edward B. Lewis,1/3
Germany,Physiology and Medicine,Germany,1995,http://en.wikipedia.org/wiki/Christiane_N%C3%BCsslein-Volhard,Christiane Nüsslein-Volhard,1/3
US_IN,Physiology and Medicine,US,1995,http://en.wikipedia.org/wiki/Eric_F._Wieschaus,Eric F. Wieschaus,1/3
Australia,Physiology and Medicine,Australia,1996,http://en.wikipedia.org/wiki/Peter_C._Doherty,Peter C. Doherty,1/2
Switzerland,Physiology and Medicine,Switzerland,1996,http://en.wikipedia.org/wiki/Rolf_M._Zinkernagel,Rolf M. Zinkernagel,1/2
US_IA,Physiology and Medicine,US,1997,http://en.wikipedia.org/wiki/Stanley_B._Prusiner,Stanley B. Prusiner,1
US_SC,Physiology and Medicine,US,1998,http://en.wikipedia.org/wiki/Robert_F._Furchgott,Robert F. Furchgott,1/3
US_NY,Physiology and Medicine,US,1998,http://en.wikipedia.org/wiki/Louis_Ignarro,Louis Ignarro,1/3
US_IN,Physiology and Medicine,US,1998,http://en.wikipedia.org/wiki/Ferid_Murad,Ferid Murad,1/3
Germany,Physiology and Medicine,Germany|US,1999,http://en.wikipedia.org/wiki/G%C3%BCnter_Blobel,Günter Blobel,1
Sweden,Physiology and Medicine,Sweden,2000,http://en.wikipedia.org/wiki/Arvid_Carlsson,Arvid Carlsson,1/3
US_NY,Physiology and Medicine,US,2000,http://en.wikipedia.org/wiki/Paul_Greengard,Paul Greengard,1/3
Austria,Physiology and Medicine,Austria|US,2000,http://en.wikipedia.org/wiki/Eric_Kandel,Eric Kandel,1/3
US_CA,Physiology and Medicine,US,2001,http://en.wikipedia.org/wiki/Leland_H._Hartwell,Leland H. Hartwell,1/3
UK_ENG,Physiology and Medicine,UK,2001,http://en.wikipedia.org/wiki/Tim_Hunt,Tim Hunt,1/3
UK_ENG,Physiology and Medicine,UK,2001,http://en.wikipedia.org/wiki/Paul_Nurse,Paul Nurse,1/3
South Africa,Physiology and Medicine,South Africa|UK,2002,http://en.wikipedia.org/wiki/Sydney_Brenner,Sydney Brenner,1/3
US_IL,Physiology and Medicine,US,2002,http://en.wikipedia.org/wiki/H._Robert_Horvitz,H. Robert Horvitz,1/3
UK_ENG,Physiology and Medicine,UK,2002,http://en.wikipedia.org/wiki/John_Sulston,John Sulston,1/3
US_OH,Physiology and Medicine,US,2003,http://en.wikipedia.org/wiki/Paul_Lauterbur,Paul Lauterbur,1/2
UK_ENG,Physiology and Medicine,UK,2003,http://en.wikipedia.org/wiki/Peter_Mansfield,Peter Mansfield,1/2
US_NY,Physiology and Medicine,US,2004,http://en.wikipedia.org/wiki/Richard_Axel,Richard Axel,1/2
US_WA,Physiology and Medicine,US,2004,http://en.wikipedia.org/wiki/Linda_B._Buck,Linda B. Buck,1/2
Australia,Physiology and Medicine,Australia,2005,http://en.wikipedia.org/wiki/Barry_Marshall,Barry Marshall,1/2
Australia,Physiology and Medicine,Australia,2005,http://en.wikipedia.org/wiki/Robin_Warren,Robin Warren,1/2
US_CA,Physiology and Medicine,US,2006,http://en.wikipedia.org/wiki/Andrew_Fire,Andrew Fire,1/2
US_CT,Physiology and Medicine,US,2006,http://en.wikipedia.org/wiki/Craig_Mello,Craig Mello,1/2
Italy,Physiology and Medicine,Italy|US,2007,http://en.wikipedia.org/wiki/Mario_Capecchi,Mario Capecchi,1/3
UK_ENG,Physiology and Medicine,UK,2007,http://en.wikipedia.org/wiki/Martin_Evans,Martin Evans,1/3
UK_ENG,Physiology and Medicine,UK|US,2007,http://en.wikipedia.org/wiki/Oliver_Smithies,Oliver Smithies,1/3
Germany,Physiology and Medicine,Germany,2008,http://en.wikipedia.org/wiki/Harald_zur_Hausen,Harald zur Hausen,1/2
France,Physiology and Medicine,France,2008,http://en.wikipedia.org/wiki/Fran%C3%A7oise_Barr%C3%A9-Sinoussi,Françoise Barré-Sinoussi,1/4
France,Physiology and Medicine,France,2008,http://en.wikipedia.org/wiki/Luc_Montagnier,Luc Montagnier,1/4
Australia,Physiology and Medicine,Australia|US,2009,http://en.wikipedia.org/wiki/Elizabeth_Blackburn,Elizabeth Blackburn,1/3
US_CA,Physiology and Medicine,US,2009,http://en.wikipedia.org/wiki/Carol_W._Greider,Carol W. Greider,1/3
UK_ENG,Physiology and Medicine,Canada|US,2009,http://en.wikipedia.org/wiki/Jack_W._Szostak,Jack W. Szostak,1/3
UK_ENG,Physiology and Medicine,UK,2010,http://en.wikipedia.org/wiki/Robert_G._Edwards,Robert G. Edwards,1
US_IL,Physiology and Medicine,US,2011,http://en.wikipedia.org/wiki/Bruce_Beutler,Bruce Beutler,1/4
Luxembourg,Physiology and Medicine,France,2011,http://en.wikipedia.org/wiki/Jules_A._Hoffmann,Jules A. Hoffmann,1/4
Canada,Physiology and Medicine,Canada|US,2011,http://en.wikipedia.org/wiki/Ralph_M._Steinman,Ralph M. Steinman,1/2
UK_ENG,Physiology and Medicine,UK,2012,http://en.wikipedia.org/wiki/John_Gurdon,John B. Gurdon,1/2
Japan,Physiology and Medicine,Japan,2012,http://en.wikipedia.org/wiki/Shinya_Yamanaka,Shinya Yamanaka,1/2
US_MA,Physiology and Medicine,US,2013,http://en.wikipedia.org/wiki/James_Rothman,James E. Rothman,1/3
US_MN,Physiology and Medicine,US,2013,http://en.wikipedia.org/wiki/Randy_W._Schekman,Randy W. Schekman,1/3
Germany,Physiology and Medicine,Germany|US,2013,http://en.wikipedia.org/wiki/Thomas_C._S%C3%BCdhof,Thomas C. Südhof,1/3
US_NY,Physiology and Medicine,US|UK,2014,http://en.wikipedia.org/wiki/John_O%27Keefe_(neuroscientist),John O'Keefe,1/2
Norway,Physiology and Medicine,Norway,2014,http://en.wikipedia.org/wiki/May-Britt_Moser,May-Britt Moser,1/4
Norway,Physiology and Medicine,Norway,2014,http://en.wikipedia.org/wiki/Edvard_Moser,Edvard Moser,1/4
Ireland,Physiology and Medicine,Ireland|US,2015,http://en.wikipedia.org/wiki/William_C._Campbell_(scientist),William C. Campbell,1/4
Japan,Physiology and Medicine,Japan,2015,http://en.wikipedia.org/wiki/Satoshi_%C5%8Cmura,Satoshi Ōmura,1/4
China,Physiology and Medicine,China,2015,http://en.wikipedia.org/wiki/Tu_Youyou,Tu Youyou,1/2
Japan,Physiology and Medicine,Japan,2016,http://en.wikipedia.org/wiki/Yoshinori_Ohsumi,Yoshinori Ohsumi,1
US_NY,Physiology and Medicine,US,2017,https://en.wikipedia.org/wiki/Jeffrey_C._Hall,Jeffrey C. Hall,1/3
US_MO,Physiology and Medicine,US,2017,https://en.wikipedia.org/wiki/Michael_Rosbash,Michael Rosbash,1/3
US_FL,Physiology and Medicine,US,2017,https://en.wikipedia.org/wiki/Michael_W._Young,Michael W. Young,1/3
